id,Domain,Status,Attractiveness,Demand,Length,Registrar,Created,Expires
dcf85677-2b78-41d2-911f-0c8b30e247fb,goods.ai,resell,64,88,5,DNS11 GROUP,16/12/2017 05:07,19/01/2027 05:07
d33c4839-52c6-453e-82f1-aea1d1f885f7,goods.at,premium,64,88,5,,,
f0fd6fc7-05fa-43dc-b79c-f67e46b8b85b,goods.dev,premium,64,88,5,,,
662a3515-583a-489c-aaa2-5c80063e7710,goods.io,resell,64,88,5,"GoDaddy.com, LLC",11/02/2013 10:34,13/05/2026 00:30
70d5660c-dca6-4be0-9d2b-47eb3ba714c9,goods.me,resell,64,88,5,Dynadot Inc,04/12/2017 06:16,04/12/2025 06:16
52735109-f34b-4aea-81f4-38119a3fe230,goods.online,resell,64,88,5,"CHENGDU WEST DIMENSION DIGITAL TECHNOLOGY CO., LTD.",26/08/2015 16:01,26/08/2025 23:59
f11b8808-e2f0-4d4a-b565-d16e4cb9b6be,goods.pro,resell,64,88,5,Registrar of Domain Names REG.RU LLC,05/03/2017 10:33,05/03/2026 10:33
d7c5f97a-34c9-4050-972f-13cf418d88f9,goods.site,expiring,64,88,5,Alibaba Cloud Computing Ltd. d/b/a HiChina (www.net.cn),15/07/2015 23:04,15/07/2025 23:59
1876f9ae-7f6c-45cc-a129-d29890366428,goods.space,premium,64,88,5,,,
98f73d33-84af-4d36-a97e-8c20c54b492d,goods.store,premium,64,88,5,,,
4c27d137-9f54-48fc-9fb1-b95c93a172d0,goods.tech,premium,64,88,5,,,
6d7bb134-9e27-4326-af52-16f72be9559a,products.at,premium,,64,8,,,
d9996fe8-c14f-4e75-aec2-ab1028ac5f3b,products.cloud,premium,,64,8,,,
d78913d8-80e3-4cb4-a88e-081d7789d6f9,products.com,resell,,64,8,Dynadot Inc,13/12/1994 05:00,12/12/2032 05:00
b751db9f-e667-48fd-9b23-1d1c480259f8,products.it,expired,,64,8,,05/07/2004 00:00,05/07/2025 00:00
a4c3eae6-c968-4936-ab58-3a3328b36be7,products.online,premium,,64,8,,,
9e0666bd-0856-41ec-a87e-2bcdea5b4cd9,products.pro,resell,,64,8,"Spaceship, Inc.",21/09/2007 00:00,21/09/2025 00:00
472acfd1-7413-4a2b-819d-46a63fd52ff5,products.so,premium,,64,8,,,
d441dae1-e732-4bf6-beb6-cf7a0c8ca635,products.store,premium,,64,8,,,
d58bb2cd-06a3-431b-a611-6e4af533a9d3,products.tech,premium,,64,8,,,
7da50f73-7c50-4cd3-8da8-6a254a526e08,accessories.app,premium,42,80,11,,,
b3ed81dc-1a76-45b4-aa70-7bd837bf373f,accessories.at,premium,42,80,11,,,
9707d97c-260e-4890-ba6a-12a9c63a90db,accessories.cloud,premium,42,80,11,,,
b12a497c-448f-4a47-8d15-6928cb50347d,accessories.dev,premium,42,80,11,,,
217fe26c-8156-4271-9607-f48042ecc2a3,accessories.expert,available,42,80,11,,,
6a0d6536-1efa-4819-b1b7-5e84a84fb7cf,accessories.gg,available,42,80,11,,,
e4e77ee1-e889-4547-991c-242f0b4c898c,accessories.io,resell,42,80,11,101domain GRS Limited,31/08/2013 12:20,30/11/2025 00:30
0c53bce7-7391-427f-80f6-764dc3d7b3a4,accessories.ninja,available,42,80,11,,,
726d9e63-71c2-4481-b6e1-5824b2705527,accessories.online,premium,42,80,11,,,
cc59503f-7a36-49b0-b30f-d8bdee421cfb,accessories.org,resell,42,80,11,"NameSilo, LLC",08/05/2005 18:58,08/05/2028 18:58
2db680e0-a85c-463a-875d-85667d8003fe,accessories.site,premium,42,80,11,,,
554e8a82-b9b5-4638-8da2-396873e0ee68,accessories.so,available,42,80,11,,,
b22c9501-78d5-44fc-9118-3a0a56f88feb,accessories.space,premium,42,80,11,,,
7afddecc-6429-4750-81b3-9729d6d09de4,accessories.store,premium,42,80,11,,,
0e1bdfe7-4990-4bd5-819a-ae64a92887e6,accessories.tech,premium,42,80,11,,,
d40c3e03-3a79-4e22-8541-ad3679ee27aa,accessories.us,resell,42,80,11,"GoDaddy.com, LLC",24/04/2002 14:04,23/04/2026 23:59
60b9bb00-5de6-4887-9335-d52bcd2b8107,accessories.xyz,resell,42,80,11,"Go Daddy, LLC",02/06/2014 16:44,02/06/2026 23:59
1c53f802-0c29-4fc1-b0b7-9cf4ff20a3d8,supplies.ai,resell,,88,8,"NameCheap, Inc.",01/11/2018 13:57,01/11/2026 13:57
e8ffb582-4dfb-41f9-9dad-3ffaadb053b3,supplies.at,available,,88,8,,,
f926c96d-26f4-4ee7-b98e-c16739ca3a6b,supplies.cloud,resell,,88,8,"Spaceship, Inc.",28/01/2021 00:01,28/01/2026 00:01
e1233f28-fbda-49d8-babb-d9c911267a5d,supplies.dev,premium,,88,8,,,
58fcf9f4-b8f9-4910-9790-8e76059dba36,supplies.expert,premium,,88,8,,,
6aaa53af-0d08-4700-ba4c-84fea2963fb8,supplies.ninja,available,,88,8,,,
285fab0b-5357-4db0-aeab-1d46cc80bbec,supplies.online,premium,,88,8,,,
cd6adc21-fa2a-4292-b42d-ae9ca47691e0,supplies.pro,resell,,88,8,Porkbun LLC,23/12/2020 14:31,23/12/2025 14:31
edbe02d7-f31a-442d-880c-9e6f922807ef,supplies.site,premium,,88,8,,,
9a4c930b-af2d-4871-b273-9fc5d87f1248,supplies.so,available,,88,8,,,
f9fbc5ca-ed6e-400b-a7d2-99e20458d44a,supplies.space,premium,,88,8,,,
0493f6c1-34f8-47be-b7df-6a8c6a2b1c3a,supplies.store,premium,,88,8,,,
bb3de318-8eaf-446f-9c1a-26894432f855,supplies.tech,premium,,88,8,,,
8ce3d334-97a5-403b-986e-fa2ec804544e,supplies.us,resell,,88,8,"Wild West Domains, Inc.",24/04/2002 14:03,23/04/2026 23:59
a95583f9-4098-4a6e-9de7-b1c2c5a37f6b,supplies.zone,premium,,88,8,,,
b26665b9-c272-44d1-8e01-0917aa2aa813,items.at,available,48,84,5,,,
17cec85a-8005-4d38-b909-adba1f5b262c,items.co,expiring,48,84,5,"Spaceship, Inc.",21/07/2010 21:51,20/07/2025 23:59
c619a6ca-dd06-4d82-b4fa-2395e310daa8,items.dev,premium,48,84,5,,,
13df86af-449e-4a4c-a82d-37cd62c94f00,items.expert,available,48,84,5,,,
4862a3b8-4760-4f58-aec3-f1c0a17c4482,items.net,resell,48,84,5,"GoDaddy.com, LLC",31/01/2001 11:31,31/01/2026 11:31
1c3d8e9f-7960-480a-88fb-6ea549a9367a,items.ninja,available,48,84,5,,,
c3e664b5-d880-4e21-ad48-3a13c254ea71,items.online,premium,48,84,5,,,
2b088546-9dff-496d-8cf3-fbfb05179cf9,items.pro,resell,48,84,5,"Sav.com, LLC - 37",28/08/2022 13:15,28/08/2025 13:15
e2b55e33-7fd0-47f8-9eac-4ba55fca872c,items.site,premium,48,84,5,,,
81c1a69a-9849-4258-b687-bd82f009b7c1,items.so,available,48,84,5,,,
9b56913d-5fe4-4436-bae3-6194fee46803,items.space,premium,48,84,5,,,
cbb8e54a-ff04-4f6d-ab47-f767d07c22d7,items.store,premium,48,84,5,,,
89096b3f-c0da-4550-82b7-88ad8e813149,items.tech,premium,48,84,5,,,
e7593180-1dda-49d4-8e2c-1c4ad1dd899d,items.us,resell,48,84,5,"GoDaddy.com, LLC",30/04/2002 18:43,29/04/2026 23:59
ffe69959-2521-4f85-b642-7080dc25f2df,items.zone,available,48,84,5,,,
a6893983-cc3e-4f24-8b30-77bc4c00c18f,retailing.at,available,62,84,9,,,
6589042c-2159-4134-b412-0293665c3a9b,retailing.cloud,premium,62,84,9,,,
e76dc4ea-1dfd-45b6-be5c-fef0048e06b1,retailing.dev,available,62,84,9,,,
ede47607-b919-480f-9979-6c3e84451212,retailing.expert,available,62,84,9,,,
b4afaa8b-6dab-4204-ba8e-d9abcf234024,retailing.gg,available,62,84,9,,,
7bf50dce-565f-4fbb-8dc7-9d3db849f0d0,retailing.me,expiring,62,84,9,Dynadot Inc,28/07/2022 14:30,28/07/2025 14:30
baa13630-f184-4fff-9537-f92f468e3651,retailing.online,premium,62,84,9,,,
55f6e256-bafe-413e-84ff-c5ee179a9284,retailing.pro,resell,62,84,9,Epik LLC,23/05/2023 17:00,23/05/2026 17:00
03cc7b9f-5c1a-4d70-b0e5-8bf01f5b475d,retailing.so,available,62,84,9,,,
28b2cc01-3011-469d-bc14-3acc403e94a1,retailing.store,premium,62,84,9,,,
62b2442e-9132-4ba3-a2fa-f7bd1c47b5b3,retailing.tech,premium,62,84,9,,,
84b585a2-647f-484d-aa5f-6554faab11fe,retailing.zone,available,62,84,9,,,
ce3440ed-bfcb-4298-97bf-a31c8433687f,consumergoods.app,available,38,76,14,,,
f94ca605-291d-4875-9389-819b7c195e14,consumergoods.at,available,38,76,14,,,
63b84800-06bb-47c5-8c39-ed73c9e02e9d,consumergoods.cloud,available,38,76,14,,,
041de134-15f1-4e00-a515-172638168e45,consumergoods.dev,available,38,76,14,,,
9ceed1b6-6b97-40c1-9e15-965afde336cc,consumergoods.expert,available,38,76,14,,,
634538b4-3d41-4cfe-965b-26b914fa5f21,consumergoods.gg,available,38,76,14,,,
da1cd56a-34e3-48dd-92d8-ea60f368a83f,consumergoods.io,available,38,76,14,,,
53b52a36-85b8-4887-8b38-08d6bdecfb8b,consumergoods.it,resell,38,76,14,,05/09/2010 12:41,08/10/2025 00:00
d6bdaebe-61c3-45cf-9c8e-466a0e2f6fde,consumergoods.me,available,38,76,14,,,
ccb9c755-8ae2-4526-8ce6-efa1e55fb9f8,consumergoods.ninja,available,38,76,14,,,
9dc98268-5d34-4e99-91cc-105069bb7441,consumergoods.online,available,38,76,14,,,
ec4a1667-e3de-4e94-92a2-a55745d24755,consumergoods.pro,available,38,76,14,,,
3069e83a-75dc-48df-8650-a87ee4b79371,consumergoods.site,available,38,76,14,,,
a0d2bf3f-9d8d-4735-89e5-7054279aee4d,consumergoods.so,available,38,76,14,,,
c1f2b11f-0d9d-4f1c-81cf-5a93a3f15de3,consumergoods.space,available,38,76,14,,,
2131a7d0-8059-4c3f-beb4-dc1fc5068b11,consumergoods.tech,available,38,76,14,,,
39a7b892-bec9-4112-b19d-7398ca614c5d,consumergoods.xyz,resell,38,76,14,Dominet (HK) Limited,19/05/2025 04:55,19/05/2026 23:59
603f0862-9b76-46a4-925a-f303d9f3ec05,consumergoods.zone,available,38,76,14,,,
6656b4aa-9865-4d8d-b217-190d6d20652d,merchandise.at,sold,86,76,11,Webagentur.at Internet Services GmbH ( https://nic.at/registrar/25 ),,
1f3c7909-95e8-47f5-8a7b-2a5561c13201,merchandise.co,resell,86,76,11,"GoDaddy.com, LLC",19/09/2012 08:32,18/09/2026 23:59
1df7b018-de66-43ba-acf7-6244ac535841,merchandise.com,resell,86,76,11,Tucows Domains Inc.,11/12/1998 05:00,10/12/2025 05:00
12316106-d621-4964-b774-7e96c3b0f66b,merchandise.io,expiring,86,76,11,"Sav.com, LLC",27/07/2019 10:11,27/07/2025 10:11
584eacbf-7f19-448c-b048-23e00dcbfd99,merchandise.it,expiring,86,76,11,,03/08/2009 10:46,03/08/2025 00:00
f3aecc7c-1baa-43b2-bbca-ca1ec79e9b9f,merchandise.me,expiring,86,76,11,InterNetX GmbH,17/07/2008 15:00,17/07/2025 15:00
ee7cf568-fee0-4336-855d-20a039852434,merchandise.ninja,expiring,86,76,11,"Name.com, Inc.",31/07/2024 10:50,31/07/2025 10:50
8f71d53b-4eb0-4427-b04f-fd0360696d8e,merchandise.site,premium,86,76,11,,,
3de2b824-f77b-4c39-bd9a-8041f1969dc0,merchandise.so,available,86,76,11,,,
6d9f6b9f-a094-4e55-8d39-be8217ad94d6,merchandise.space,premium,86,76,11,,,
6f044819-8197-4d69-84f4-d434fa213432,merchandise.store,premium,86,76,11,,,
e7eb52d3-6642-4f01-abe3-a01e19cfa5b0,merchandise.tech,premium,86,76,11,,,
ca281fdf-ef59-441e-8ec8-76985bc5caa3,finishedgoods.ai,available,56,16,14,,,
b9b3e44a-773c-4541-998c-c0aa5a29f7be,finishedgoods.app,available,56,16,14,,,
016ee265-1561-4b90-8f85-1066ec0fa3be,finishedgoods.at,available,56,16,14,,,
b2edc6d7-9d14-498b-9ed4-5e9f8fbd208b,finishedgoods.cloud,available,56,16,14,,,
5200928a-987e-4a52-80ff-e828a1097def,finishedgoods.dev,available,56,16,14,,,
ee80ff9f-982e-4df2-94f1-98d938864eb0,finishedgoods.expert,available,56,16,14,,,
e1eee93b-1959-4d29-a697-e8ae26282be1,finishedgoods.gg,available,56,16,14,,,
71158ee9-393c-490e-b94f-da77d7d3040d,finishedgoods.io,available,56,16,14,,,
1ea39de3-e8a0-49bd-ad98-59dc4bdb1d23,finishedgoods.me,available,56,16,14,,,
0b81076f-25bd-4787-bb45-dea00045770e,finishedgoods.net,available,56,16,14,,,
95fa1cb8-e43f-44d0-aee8-cea8a0c8566f,finishedgoods.ninja,available,56,16,14,,,
304eee5f-eca3-4850-bdba-4ecf060eb879,finishedgoods.online,available,56,16,14,,,
b2a40b9c-5746-46ae-8804-e72a2733e118,finishedgoods.org,available,56,16,14,,,
8c7a158f-b630-439c-9605-20aa279c6fda,finishedgoods.pro,available,56,16,14,,,
0a21788f-a896-4a08-b71a-b05cd9c5bcd7,finishedgoods.site,available,56,16,14,,,
72317c12-cbfe-4722-ac78-e3d8f1fa5bd4,finishedgoods.so,available,56,16,14,,,
eb392679-b81e-4517-9749-9b257f9c3457,finishedgoods.space,available,56,16,14,,,
0eaf608b-4b97-41c6-b890-a39c00c65b29,finishedgoods.store,available,56,16,14,,,
ee676808-99c2-4e03-a54e-d9b3b802f087,finishedgoods.tech,available,56,16,14,,,
b6a81af4-134c-4226-9d72-34efb999852f,finishedgoods.xyz,available,56,16,14,,,
decae6f6-7b1b-48c0-8edb-9fc1a76d1e27,finishedgoods.zone,available,56,16,14,,,
2bc14262-1e33-44a1-a42b-a11d0b7f8cb1,wares.at,available,,76,5,,,
4a115506-cf99-461e-be6c-7cdeb75a1958,wares.co,resell,,76,5,"Spaceship, Inc.",19/12/2013 04:07,18/12/2025 23:59
efce6eb3-7278-4af4-8cd6-b6898b604a96,wares.com,resell,,76,5,Dynadot Inc,23/10/1997 04:00,22/10/2034 04:00
50d8e95d-7082-4237-a89e-e8c8cd43cdba,wares.expert,available,,76,5,,,
279e1e0a-11f4-418b-a6d8-03337f5399c3,wares.it,resell,,76,5,,27/11/2009 11:00,02/12/2025 00:00
786da4d2-6b12-4129-9b6d-7da81c087197,wares.me,resell,,76,5,Dynadot Inc,03/01/2025 06:44,03/01/2026 06:44
074952f0-2372-4f61-ab51-1a27163ad804,wares.net,resell,,76,5,"GoDaddy.com, LLC",26/02/1999 05:00,26/02/2026 05:00
f5c04197-310a-452b-aa70-96344f3cac87,wares.ninja,available,,76,5,,,
c2235503-f6be-4928-a745-b4cd6d9c1a0d,wares.online,premium,,76,5,,,
314ec662-ca04-40a7-b715-14ce01334929,wares.site,premium,,76,5,,,
8ad4c99b-87c6-433d-8c2a-5e0a4dde58a1,wares.so,available,,76,5,,,
50c98d29-aadc-4fa6-9a9e-ca6138298f96,wares.space,premium,,76,5,,,
ed6a891e-0985-45bc-b39e-50b440a11721,wares.store,premium,,76,5,,,
20ae8981-c5c5-466b-b9c2-aa681cbf09d9,wares.us,expired,,76,5,Dynadot Inc,18/06/2021 01:54,18/06/2025 01:54
7c2dfcd3-e361-4207-9266-29f214950125,wares.zone,available,,76,5,,,
08a8efc4-215e-434a-bf3f-3841c82b8675,inventory.at,resell,82,84,9,Realtime Register B.V. ( https://nic.at/registrar/423 ),,
b7c507fb-ffad-4d69-9951-82a74b5ddf6d,inventory.cloud,premium,82,84,9,,,
4ca86624-4fa3-48c2-ab78-9a96a23f965a,inventory.co,expiring,82,84,9,1API GmbH,20/07/2010 18:04,19/07/2025 23:59
c16096e0-af96-4d8c-ac68-f4d977d1e807,inventory.gg,premium,82,84,9,,,
681a464e-ecf7-465e-9784-261a04fc119b,inventory.pro,resell,82,84,9,"GoDaddy.com, LLC",08/10/2008 00:00,08/10/2025 00:00
b4efca3c-537b-4578-98fc-285f0324cf14,inventory.space,premium,82,84,9,,,
84778f36-eefe-4db9-b10b-217434bc29b5,inventory.store,premium,82,84,9,,,
2d4c2e95-1968-4329-bfc5-57bbf24c9d5e,inventory.tech,premium,82,84,9,,,
04426f1d-8e89-45c7-8072-823bd6d42bc7,inventory.us,resell,82,84,9,"GoDaddy.com, LLC",24/04/2002 14:18,23/04/2026 23:59
e5c40964-74ca-4769-a930-805ccacee746,inventory.zone,expired,82,84,9,"GoDaddy.com, LLC",23/05/2021 10:20,23/05/2025 10:20
a0acbffa-961c-4be1-88e4-f2b669f77e6e,stock.accountant,premium,68,31,5,,,
3a5202a1-0f0c-47da-9283-c92030de3da6,stock.accountants,available,68,31,5,,,
f904b0b5-e3f5-47a4-942b-b56846b34805,stock.actor,available,68,31,5,,,
a9d69fac-b91b-4a1e-9d6a-fb2e5c25133b,stock.adult,available,68,31,5,,,
e00baeb7-8307-41f4-940f-f92e2153c4b6,stock.agency,expiring,68,31,5,Porkbun LLC,17/12/2020 15:13,17/12/2025 15:13
c56a7f04-1b45-4198-a8f6-4d5f393f08ad,stock.ai,resell,68,31,5,Dynadot Inc,15/12/2017 22:13,08/05/2030 22:13
304bb817-367d-4437-8b72-5bd1d2f5ee1f,stock.airforce,available,68,31,5,,,
34e3a845-6fc1-4471-9ad9-cc3146df69c3,stock.archi,available,68,31,5,,,
91c10d49-ea00-4007-b2a4-c3212d5f9d60,stock.army,available,68,31,5,,,
b8668012-50d5-464e-8370-2c9b07ba810d,stock.asia,resell,68,31,5,"Wild West Domains, LLC",21/03/2008 02:15,21/03/2027 02:15
d2795f29-ac52-4d3f-bcec-47aa67321ab4,stock.associates,available,68,31,5,,,
9116e9cd-421e-47a1-abb1-eed178aed96f,stock.at,sold,68,31,5,InterNetX GmbH ( https://nic.at/registrar/80 ),,
eaa9eeb2-1f94-4034-a68b-6988c2a7135b,stock.attorney,premium,68,31,5,,,
c27338c8-4fdd-4f19-a551-a8fbcf95105a,stock.auction,premium,68,31,5,,,
76775333-63ef-4fba-82e3-866a491ab8f0,stock.audio,expired,68,31,5,1API GmbH,25/10/2016 17:01,25/10/2025 23:59
4ff7a37a-7cb7-4d7c-9ba3-a825e1bea88e,stock.auto,available,68,31,5,,,
fe4a468d-26b5-43bb-ae35-9f09fe179f08,stock.autos,premium,68,31,5,,,
747065ab-23f1-4ef7-9b7c-88b26d19c81c,stock.band,available,68,31,5,,,
017830e9-d644-48c4-833d-4c03eb3539fd,stock.bar,premium,68,31,5,,,
700366c3-a315-4e06-847a-cee3af1ae028,stock.bayern,premium,68,31,5,,,
9ed5c30e-d091-470e-906c-fa93c6ef49b4,stock.beauty,premium,68,31,5,,,
7aa16638-a259-4a19-a98b-dbeb96e4ed7f,stock.beer,available,68,31,5,,,
65e28baf-2b24-459f-8d75-b6bf88bd2bb4,stock.berlin,available,68,31,5,,,
60ec38ac-31dc-4b47-bffb-077f24cabb61,stock.best,sold,68,31,5,Dynadot LLC,01/11/2018 10:28,01/11/2026 23:59
cabfcd21-f25a-4672-abc0-4b720ac6c751,stock.bet,expiring,68,31,5,Porkbun LLC,03/01/2024 15:15,03/01/2026 15:15
4772c3f1-61e0-43f1-b14e-598b6d966109,stock.bike,expired,68,31,5,"NameCheap, Inc.",11/10/2024 15:53,11/10/2025 15:53
7000e34f-a82c-4e55-ba2d-7b11c13aa722,stock.bingo,available,68,31,5,,,
1d89edb4-0de0-4cc1-be61-1322efa58ca2,stock.blackfriday,available,68,31,5,,,
9cf28b31-56c6-4ce1-a170-c80e287e847c,stock.blog,premium,68,31,5,,,
fdfeeb6d-a170-4707-98b6-827f973156ef,stock.blue,resell,68,31,5,Porkbun LLC,17/05/2025 19:11,17/05/2026 19:11
99563708-f8b0-4c27-9ac4-727cce746b7e,stock.boats,premium,68,31,5,,,
55c5bbae-8e1b-45cf-a095-aaa2c39df1cd,stock.boo,premium,68,31,5,,,
f5496f42-78aa-465d-b1ef-2a0c5a943f6b,stock.boston,premium,68,31,5,,,
bf6bc0c5-afc9-4c6c-a927-196827b88d8f,stock.bot,available,68,31,5,,,
61075721-65bf-4e43-b48a-d6e2c68bc2e6,stock.build,premium,68,31,5,,,
e4d23e0a-8732-4a58-8b7d-eefa9630c677,stock.business,resell,68,31,5,Porkbun LLC,11/06/2025 10:10,11/06/2026 10:10
5ec42b05-3588-45a5-8428-3d44f026e3d1,stock.buzz,premium,68,31,5,,,
05f2ecd2-4826-4285-9848-141fbdff5725,stock.bz,available,68,31,5,,,
2894c642-1289-490d-834e-510557cb9ae2,stock.cam,premium,68,31,5,,,
ea20a810-dea7-43f4-9749-e8c11a5a1aa2,stock.camera,available,68,31,5,,,
9dec56d2-b6a6-4b10-9d85-0f815aa3819e,stock.car,available,68,31,5,,,
2ee251f8-8c3a-460e-9b93-53e7feb9ea9e,stock.care,available,68,31,5,,,
6775157c-665c-44f1-92ad-fd969b2d5de5,stock.careers,available,68,31,5,,,
c4bc61e6-c0e8-400e-9fed-f22f78763b3d,stock.cars,available,68,31,5,,,
a02daea5-9e93-4284-85ea-87fc548ab694,stock.casa,resell,68,31,5,Dynadot Inc,20/02/2022 07:44,20/02/2027 07:44
261013d1-3b4c-421f-9452-1f6655705c64,stock.casino,resell,68,31,5,"Sav.com, LLC",24/05/2025 01:44,24/05/2026 01:44
f8ecbb25-c457-46d4-93b5-bf57acd155ee,stock.catering,available,68,31,5,,,
a5c3ecfc-1831-45cd-af94-ecbd10716485,stock.center,expired,68,31,5,Alibaba Cloud Computing Ltd. d/b/a HiChina (www.net.cn),25/10/2024 00:05,25/10/2025 00:05
a537bd57-9a57-4b3e-9c41-ee56078b138b,stock.ceo,premium,68,31,5,,,
7b3a2f2c-1faa-4629-8ed6-be0124115f2e,stock.cfd,premium,68,31,5,,,
d58b0613-c62e-44e9-ad79-9d6cad50d7c3,stock.charity,available,68,31,5,,,
82819386-f790-44b3-b964-af71a0963307,stock.cheap,resell,68,31,5,Dynadot Inc,20/03/2025 17:00,20/03/2026 17:00
78980ba2-6c87-43af-b176-c2830350bfa1,stock.christmas,available,68,31,5,,,
65322cb0-3132-46c3-a772-5590d352a5aa,stock.claims,available,68,31,5,,,
eba6f0b6-4065-4230-9d08-54c3a708b592,stock.cleaning,available,68,31,5,,,
3a768161-07a7-4e31-829e-e68491983882,stock.clinic,available,68,31,5,,,
2473d0ba-0cdc-4794-b51f-dd1305b59042,stock.clothing,available,68,31,5,,,
8f9ac2a6-bed9-4da8-b947-b86c46ea265a,stock.cloud,resell,68,31,5,GoDaddy,23/02/2016 05:02,23/02/2028 05:02
d07503f5-c866-4d3c-ad8a-e41d0844b70a,stock.co,resell,68,31,5,Alibaba Cloud Computing Ltd. d/b/a HiChina (www.net.cn),25/02/2010 01:04,24/02/2030 23:59
912b1841-1d87-4c1d-81e8-2a9b295d92f3,stock.codes,available,68,31,5,,,
f3e9054c-705e-4a67-8fd4-58f036ea7633,stock.college,premium,68,31,5,,,
c0eb9460-4ac5-4b6e-ac65-f6496ac5f591,stock.com,resell,68,31,5,SafeNames Ltd.,12/01/1994 05:00,11/01/2035 05:00
b9b5e3e0-9704-4c04-8536-36ecbeb46d38,stock.company,resell,68,31,5,GoDaddy Online Services Cayman Islands Ltd.,22/06/2015 18:20,22/06/2026 18:20
b58188f9-f048-4842-b9e1-2446839d3526,stock.computer,resell,68,31,5,"Sav.com, LLC",21/06/2024 10:00,21/06/2026 10:00
d1313ddc-8aa9-4b2e-ac5b-5c9aae9542cf,stock.condos,available,68,31,5,,,
93d3adfa-88f3-46d2-82d0-c62b3cedf114,stock.construction,available,68,31,5,,,
daca2e21-cd9f-4b29-83da-2e1355702a9c,stock.consulting,premium,68,31,5,,,
dec80a55-b474-4e71-8d12-46418eff1e28,stock.contractors,expiring,68,31,5,"Wild West Domains, LLC",02/01/2025 03:54,02/01/2026 03:54
4333e6a3-9861-4fd0-bb69-1aad3dceb3ef,stock.cooking,available,68,31,5,,,
a0acf491-3559-4899-9db4-05df66c62501,stock.cool,resell,68,31,5,"Xiamen ChinaSource Internet Service Co., Ltd",11/07/2025 15:15,11/07/2026 15:15
2e94e2f9-aef1-462b-b841-fe1bf3b77954,stock.country,available,68,31,5,,,
1e3e629c-7a34-4d32-bf98-5ba97b289c96,stock.coupons,available,68,31,5,,,
eccc625c-9e67-4ec7-aeda-5a5360740646,stock.courses,premium,68,31,5,,,
81ee45ec-fd0d-45b6-8037-d758d5850785,stock.credit,available,68,31,5,,,
65022e03-ffe3-41c2-a647-716900fc1e94,stock.creditcard,available,68,31,5,,,
ffe43aad-a919-432f-9bcc-4673c38dd597,stock.cricket,available,68,31,5,,,
05402b54-392b-420a-9bd1-31b6f886332d,stock.cruises,available,68,31,5,,,
8b1610d5-1ec4-4177-bf56-56214ae58393,stock.cv,expired,68,31,5,apitestregistrar,29/11/2024 00:00,29/11/2025 12:17
164ec220-0bc8-4a6d-a3a4-d08bcaf5a7f1,stock.cx,sold,68,31,5,CentralNic Ltd,01/09/2025 00:00,01/09/2026 00:07
e389ea74-6fbe-49ab-8135-7d704e19df93,stock.cyou,premium,68,31,5,,,
553462e1-5596-4fac-a39e-1df3b2b7fd97,stock.dad,premium,68,31,5,,,
6f739094-42a4-4287-a3c2-3c607e6c1f7e,stock.date,premium,68,31,5,,,
abc85cc0-4d43-4180-9b54-8b6bed48e91c,stock.dating,available,68,31,5,,,
9c925f9a-c474-4166-a2e4-f6dd3c14fe06,stock.day,premium,68,31,5,,,
41a6c6c7-1b79-43a5-abf9-eedec11a2b40,stock.deal,available,68,31,5,,,
d39ca47e-b2e5-4057-b323-5b80c6be2f7d,stock.dealer,premium,68,31,5,,,
80e29b2f-6702-4612-a4db-789aad6a5d33,stock.deals,resell,68,31,5,"Spaceship, Inc.",15/08/2020 08:16,15/08/2026 08:16
01c0c4db-d272-4263-8494-751218ed178c,stock.degree,available,68,31,5,,,
418a4d7f-6b80-4309-9cd9-cd6c8995e36b,stock.delivery,resell,68,31,5,"GoDaddy.com, LLC",15/11/2025 04:11,15/11/2026 04:11
f499e466-453c-4b05-a3bc-d9ad8bf729e2,stock.democrat,available,68,31,5,,,
ddc71f59-de5e-40dd-b2b2-1448e3fb8949,stock.dentist,available,68,31,5,,,
5c0cb26c-e33f-4623-bc62-4b48e347c815,stock.design,premium,68,31,5,,,
79e91361-5d16-4302-9bce-0abecfe2e368,stock.dev,premium,68,31,5,,,
ad8ba86f-521d-4b7f-9285-da1e78a419fd,stock.diamonds,available,68,31,5,,,
ed6f1596-6e11-432d-81ff-db115f930f0d,stock.diet,available,68,31,5,,,
7e42df9e-a5ca-4dff-8763-842c094569c8,stock.digital,resell,68,31,5,"GoDaddy.com, LLC",27/08/2024 02:04,27/08/2026 02:04
bbdd749d-c261-402c-8d0b-46d7a70d292a,stock.directory,resell,68,31,5,Porkbun LLC,04/12/2019 00:32,04/12/2026 00:32
a8f6c929-5be9-414e-9d27-803adbd9722e,stock.discount,premium,68,31,5,,,
054c0734-469f-42df-83b9-58ad5c57596a,stock.diy,premium,68,31,5,,,
e14080a8-59be-4327-ba12-9dacc8fc6ddc,stock.doctor,resell,68,31,5,"Go Australia Domains, LLC",02/11/2016 16:00,02/11/2026 16:00
0fc0aca3-df6d-45b7-8ac3-df5abcdcf93f,stock.dog,resell,68,31,5,Dynadot Inc,08/11/2025 07:14,08/11/2026 07:14
b13ae0ad-f382-40b9-88dd-62a0ef95db7d,stock.download,premium,68,31,5,,,
1e6bdb29-1eee-4cc3-9572-364c0584a620,stock.earth,sold,68,31,5,IONOS SE,08/09/2016 10:31,07/09/2026 23:59
8c20516a-0478-4120-b505-375d6cbbc4e7,stock.engineer,sold,68,31,5,"Sav.com, LLC",08/09/2025 22:23,08/09/2026 22:23
a766eeea-a7ad-40eb-9a57-1f03e166f534,stock.engineering,available,68,31,5,,,
45d69343-1955-4f8c-a5d6-4ade1bc222e5,stock.equipment,available,68,31,5,,,
25bcee6b-094e-4818-95d3-ad15e14800f5,stock.esq,premium,68,31,5,,,
49937861-bd03-42db-afb0-241034e2cc26,stock.estate,sold,68,31,5,"GoDaddy.com, LLC",16/09/2021 14:12,16/09/2026 14:12
9cf39d05-d2f7-43da-99cc-6bfe2d42d610,stock.exchange,sold,68,31,5,"Name.com, Inc.",21/09/2023 19:49,21/09/2026 19:49
e820460f-6269-47b7-8cf5-382482a55fd8,stock.exposed,premium,68,31,5,,,
3445b554-f86f-47e5-92be-1790cbc90025,stock.fail,expired,68,31,5,Tucows Domains Inc.,05/10/2021 01:19,05/10/2025 01:19
d252f7ad-8b5c-49d5-9bd3-0a3a6424a290,stock.faith,premium,68,31,5,,,
b5d9b21f-1a21-471d-abe2-d03c23f97a7d,stock.fans,resell,68,31,5,TLD Registrar Solutions Ltd,29/08/2018 12:04,29/08/2026 23:59
561f3063-fa83-47b9-bbf7-6774bf3acf25,stock.farm,resell,68,31,5,Porkbun LLC,01/05/2022 13:15,01/05/2026 13:15
9560e84e-6148-4c32-b1d9-20e784429a36,stock.fashion,premium,68,31,5,,,
cd9bbea3-e6d8-41d6-81a7-145e231d1e27,stock.film,premium,68,31,5,,,
3031acc4-a59c-4a53-97b2-f3ac0c3e3f41,stock.finance,sold,68,31,5,"Spaceship, Inc.",14/11/2019 23:18,14/11/2026 23:18
6685fff1-e701-4dab-925f-19558045507a,stock.financial,premium,68,31,5,,,
661f530a-726c-4e61-b88e-683a656dbf8e,stock.fishing,premium,68,31,5,,,
adaeffe7-2046-4073-b9b2-2b3abd4c1902,stock.fitness,available,68,31,5,,,
03a3e21c-f077-4f45-96eb-69e818017e9b,stock.flights,available,68,31,5,,,
b509bc3d-e4d0-4210-a8e1-209de09118db,stock.flowers,available,68,31,5,,,
e86bc30f-2fa3-4562-911e-bb1daebd8343,stock.foo,premium,68,31,5,,,
f94b0bb8-50b0-45aa-b8bc-7a4554deac99,stock.food,premium,68,31,5,,,
4be3154d-2f38-45e0-be64-34fca15df003,stock.football,available,68,31,5,,,
4769c288-f93e-4d51-9d70-d3e8ca1c0bce,stock.forsale,premium,68,31,5,,,
658162cd-9f92-48f0-8f47-2b08c751f55e,stock.forum,premium,68,31,5,,,
db67afd5-0319-42d2-b7fd-eac5436356d2,stock.foundation,resell,68,31,5,Dynadot Inc,05/08/2025 13:50,05/08/2026 13:50
4fd25d40-b04c-4a34-9212-3ae299a6d14b,stock.free,available,68,31,5,,,
3c732183-485a-4321-acfb-67ad92b0e47a,stock.fun,premium,68,31,5,,,
a81bf3eb-d861-4db9-a846-af37d7a03899,stock.fund,expiring,68,31,5,"Gransy, s.r.o.",26/12/2023 14:07,26/12/2025 14:07
6f0ee8bf-3d1e-4242-8981-105a690380c7,stock.furniture,available,68,31,5,,,
e583b4ef-e97b-4c4b-92bc-7134f07616b7,stock.futbol,available,68,31,5,,,
059c1c29-f453-453e-b4b0-a603aa5446f9,stock.game,premium,68,31,5,,,
e9b295ec-0f6d-418a-8c75-abfcfcea514d,stock.games,resell,68,31,5,"DNSPod, Inc.",06/04/2021 23:12,06/04/2026 23:12
4977b9fc-f948-49a8-95c2-9531ded008cc,stock.garden,premium,68,31,5,,,
d7ff1762-116c-4fc2-8042-921ac1c4edb0,stock.gay,premium,68,31,5,,,
e2c39b39-893b-4946-b343-f3a7781f2d8f,stock.gg,resell,68,31,5,"humbly, LLC (http://park.io)",,
3c6fae58-b9c2-4423-a0c6-0c2d89af3794,stock.gift,premium,68,31,5,,,
7e644b15-2a46-4e27-a460-7e0b2c59f7b1,stock.global,premium,68,31,5,,,
33d5c2f6-c599-4d44-9859-8ace1a30ebfb,stock.gold,resell,68,31,5,"Chengdu West Dimension Digital Technology Co., Ltd.",01/03/2024 15:15,01/03/2026 15:15
8054297d-2c66-4e62-9d70-a32e3103236f,stock.golf,available,68,31,5,,,
bf1b9d1f-0bd1-4300-851c-ab01a82c72c8,stock.graphics,sold,68,31,5,"Sav.com, LLC - 29",22/04/2024 15:15,22/04/2026 15:15
c597c0bf-37e4-4bda-b026-723d31e57f85,stock.green,premium,68,31,5,,,
d4e511fa-1fd9-47f1-a661-2bfbd40fc48a,stock.gripe,premium,68,31,5,,,
88199460-1415-4680-80b8-84cca01c7ef9,stock.guitars,available,68,31,5,,,
c3fac57f-fe0a-4d65-a308-5af3a9c2a571,stock.guru,premium,68,31,5,,,
df753ece-86cf-4e50-9062-d44b2084050a,stock.hair,premium,68,31,5,,,
cc907dbf-0440-4398-b45b-41f49db2f789,stock.health,resell,68,31,5,"Spaceship, Inc.",31/05/2025 06:53,31/05/2026 06:53
3ee7b253-0f8b-4a62-8bab-238f30a8b44c,stock.healthcare,available,68,31,5,,,
7d60f45e-b873-4fc0-9723-e286e2fcb898,stock.help,premium,68,31,5,,,
d7b59204-0ce1-4ab0-b557-4898936ddfca,stock.hiphop,premium,68,31,5,,,
3087ae44-baec-4026-a7f5-f8163ba3e60c,stock.hiv,available,68,31,5,,,
92a9448a-b388-4372-a4ac-de8f5df58380,stock.hockey,available,68,31,5,,,
17f7916d-7835-41f7-8212-a85ea5b3cf67,stock.holdings,sold,68,31,5,"Name.com, Inc.",02/12/2025 14:02,02/12/2026 14:02
ad393302-5a27-4043-96ca-9bde58caf69a,stock.holiday,available,68,31,5,,,
ee429af8-bb23-4a25-b2ab-80f9a2b89696,stock.homes,premium,68,31,5,,,
872269a2-0732-4f79-948f-dd9d85bcdd8f,stock.horse,sold,68,31,5,"Spaceship, Inc.",04/05/2024 02:02,04/05/2026 02:02
334e58f0-14c2-427c-837c-70dd8a1d05ff,stock.hospital,available,68,31,5,,,
22901aef-6bea-4d83-a69d-8f1b52b3b95a,stock.host,premium,68,31,5,,,
9609ea3f-9d17-45b8-a519-768a00fa62dc,stock.hosting,available,68,31,5,,,
e90d6cfd-f281-47af-8282-06df095d42f9,stock.hot,premium,68,31,5,,,
1c40cfce-d373-4413-935f-5842595c593c,stock.how,premium,68,31,5,,,
0707ab78-e350-4bdb-b307-8483306d02f2,stock.icu,available,68,31,5,,,
378db78f-8ddb-4591-bb08-1faced954d07,stock.im,premium,68,31,5,,,
f2250da1-321f-434b-b866-2f9f31d946e9,stock.immo,expiring,68,31,5,united-domains GmbH,10/12/2014 16:22,10/12/2025 16:22
68499465-6fcb-410c-92a9-145e912b2e66,stock.inc,premium,68,31,5,,,
ebd7d0bd-364f-4322-a7c5-b9ef7b7662c8,stock.industries,available,68,31,5,,,
f883c7b4-ba23-4457-aaa4-dbb9e51c8786,stock.ing,premium,68,31,5,,,
325be97f-7bba-4ac2-a9fa-e0e3c788e311,stock.institute,resell,68,31,5,Porkbun LLC,09/03/2023 23:13,09/03/2026 23:13
b4b9f33b-a353-4ec5-b7cc-27cf6a08c6a4,stock.international,premium,68,31,5,,,
897be072-c2d1-496d-aefb-67fcc02a0d2f,stock.investments,premium,68,31,5,,,
b550ca9e-e1fb-4945-9225-14472f6c02e2,stock.irish,available,68,31,5,,,
1b6044c4-f51d-4d7e-91a8-59d10c915c08,stock.jetzt,premium,68,31,5,,,
7b942e4a-d28a-4696-a4d4-58e1502b4f2a,stock.jewelry,available,68,31,5,,,
edb038b3-7b5a-4d3f-a5df-a6dbd7ba3931,stock.juegos,available,68,31,5,,,
9b99cfc5-1580-4980-9785-ca7dc51b84c2,stock.kaufen,premium,68,31,5,,,
32f28ca7-fbbc-4045-87a5-6fe32e9fa043,stock.kids,premium,68,31,5,,,
bbdf2e8e-2b58-419c-b934-c3eac7acf3d3,stock.la,resell,68,31,5,LA Domain Names,26/04/2017 09:51,26/04/2026 23:59
2af86873-0f02-4061-9f8f-4e4b754928fa,stock.law,available,68,31,5,,,
5f35c270-7544-4729-908f-253ee729c6a5,stock.lawyer,premium,68,31,5,,,
dc6a794b-d132-4a92-97eb-7026afb9f1e6,stock.lease,available,68,31,5,,,
f37c58f5-6806-4c59-8456-44ac0a759481,stock.lgbt,available,68,31,5,,,
b78bb3a3-3aa2-445b-b405-750742e9ff0f,stock.life,resell,68,31,5,Dynadot Inc,03/07/2015 23:50,03/07/2026 23:50
de7ffa4f-df9c-45ee-8088-ad69cfef2dd3,stock.lifestyle,premium,68,31,5,,,
27305c34-688a-4144-b8cf-522773026be8,stock.lighting,available,68,31,5,,,
b8b026d8-4ccf-4b2b-ad6f-4e3ec55de0c1,stock.limited,premium,68,31,5,,,
207d7ca8-63bb-417d-af53-ba4f82c7558f,stock.limo,available,68,31,5,,,
3428d0de-adbd-4361-9d52-57d9dc702cdd,stock.link,resell,68,31,5,Alibaba Cloud Computing Ltd.,09/08/2022 13:53,09/08/2026 13:53
990d2bd4-d418-4a7e-bc66-4db5144f66a2,stock.living,premium,68,31,5,,,
ad007e36-0561-4171-a320-1060b173497e,stock.llc,premium,68,31,5,,,
3d79d4b5-2dab-492e-b47f-57dadbbc95e1,stock.loan,premium,68,31,5,,,
03ec7714-afca-4ae9-9fa7-ec9dcaf2a0de,stock.loans,resell,68,31,5,Epik LLC,26/01/2016 19:18,26/01/2026 19:18
c2321baa-3519-444f-8b42-eedcc07f8a2c,stock.locker,premium,68,31,5,,,
7899f4af-6234-45af-ae9c-f43adf762291,stock.lol,resell,68,31,5,Namecheap,25/06/2020 07:09,25/06/2026 23:59
e6b8ffed-9793-4803-b92f-c70d040ee555,stock.london,expired,68,31,5,Namecheap,22/10/2024 18:10,22/10/2025 23:59
8415d3de-ccfe-41e0-b160-eda91c99bb07,stock.love,premium,68,31,5,,,
16a21bd0-f35a-4333-b9eb-71cbe3b02ba4,stock.ltda,premium,68,31,5,,,
e6545ce3-6bf3-47fd-9c7d-e04a985eed76,stock.luxe,available,68,31,5,,,
489c05a0-742c-43c1-b95d-f0ebbf75a27a,stock.luxury,premium,68,31,5,,,
b58b351e-ed07-4a73-b755-49a5222703a2,stock.maison,available,68,31,5,,,
05ea6a97-bded-4409-a246-1cc70c847024,stock.makeup,premium,68,31,5,,,
3b64fe53-57e1-42c0-af2b-312a2ebb2584,stock.management,resell,68,31,5,"Spaceship, Inc.",28/05/2024 15:15,28/05/2026 15:15
e38ab958-1f6e-47bc-8921-4af7e77fa25f,stock.me,expiring,68,31,5,"Spaceship, Inc.",26/09/2008 14:37,26/09/2025 14:37
6641a471-ccca-45bd-9fb8-485adea21ce4,stock.melbourne,available,68,31,5,,,
1c7cd697-168e-4e93-8890-1fe7ccbcd6f1,stock.meme,premium,68,31,5,,,
a531018d-5495-43d7-8ea2-2fa5761797e1,stock.memorial,available,68,31,5,,,
883329b0-eda0-4917-9755-e95355dcd373,stock.men,premium,68,31,5,,,
2ddbb9bc-6eeb-471c-9902-f219c6392d54,stock.menu,available,68,31,5,,,
53947154-c326-427e-8488-5cbe6e474db5,stock.miami,premium,68,31,5,,,
8da23a67-b8b5-4675-85cb-f4a1da6c6a7b,stock.mobi,premium,68,31,5,,,
8a9df51c-89ca-43f7-a28a-fe02cd196572,stock.moe,premium,68,31,5,,,
13742a51-91eb-4760-ae56-9d71000fd7fb,stock.mom,premium,68,31,5,,,
930e6fde-77f2-466a-8c50-5b33e5147192,stock.money,premium,68,31,5,,,
bb19e753-55b6-4ded-9d65-c4a94946023a,stock.monster,premium,68,31,5,,,
d8dcd4b2-942f-4692-b6ca-4f519237533c,stock.mortgage,premium,68,31,5,,,
5fa5bfe7-c8fe-4ba5-9e34-f52c67a21925,stock.motorcycles,premium,68,31,5,,,
87ab9a4c-3db9-445b-b456-59fd9528338f,stock.mov,premium,68,31,5,,,
af2efdef-e0e6-4c92-b24a-c11efae8ddb9,stock.movie,available,68,31,5,,,
1ee26652-59e7-49b5-ac34-30178437c818,stock.music,premium,68,31,5,,,
8eb1600a-2006-409d-9c5a-1e061d7d2d83,stock.navy,available,68,31,5,,,
ed0ff2b8-7ae5-4f05-859a-b72170c66f0c,stock.network,premium,68,31,5,,,
3383e356-b944-4baf-b88f-60386b028ad4,stock.news,premium,68,31,5,,,
800edbe3-9e31-448f-9561-af23a8c54b0a,stock.nexus,premium,68,31,5,,,
c3821ae6-89c1-45f9-82fe-be1fceb11c9a,stock.ninja,sold,68,31,5,Epik LLC,30/09/2016 18:22,30/09/2026 18:22
6517db67-5d64-4f18-8737-5493cda9b323,stock.nyc,premium,68,31,5,,,
d946e40c-8291-4ee1-a38f-6088b3052b96,stock.one,premium,68,31,5,,,
b3132973-be0a-427d-ae26-2a3e294924e6,stock.onl,premium,68,31,5,,,
bf3d5e55-8931-4a78-afff-cfdbf20bc21c,stock.online,premium,68,31,5,,,
5b32af67-4961-4ded-94fb-bdf7a917770d,stock.ooo,resell,68,31,5,"Name.com, Inc",20/11/2021 14:31,20/11/2026 23:59
8347e93e-eba7-4f87-81d5-4d7fec8418a8,stock.organic,available,68,31,5,,,
5e6b236d-7b2f-4f42-82e1-612b462ea2b3,stock.osaka,premium,68,31,5,,,
c3adaaed-3a4b-4b6f-98ad-d25b3f1ef4fd,stock.page,premium,68,31,5,,,
860ae7d6-6901-4e65-a525-8a108a74a937,stock.partners,sold,68,31,5,Domain Science Kutatási Szolgáltató Korlátolt Felelősségű Társaság,12/02/2025 15:15,12/02/2026 15:15
2c9be6b5-ce08-43bd-aacd-81622fb94f4a,stock.party,premium,68,31,5,,,
39fd1e3a-79e6-44a3-bad1-75be34d5f408,stock.phd,premium,68,31,5,,,
6a9c9f49-7938-494a-aae1-94e25976bb2c,stock.photography,premium,68,31,5,,,
614ea521-2451-4428-8d27-fe9b1ddf49fc,stock.pink,sold,68,31,5,"NameCheap, Inc.",01/10/2023 07:07,01/10/2026 07:07
98af9e77-c1b2-48b0-b2ed-15e897bf69ce,stock.pizza,available,68,31,5,,,
923cf826-32ab-4ec8-90fa-dbcf1d9b1e36,stock.place,resell,68,31,5,Porkbun LLC,22/02/2024 15:15,22/02/2026 15:15
91af8511-6f7e-40b1-bd90-97bb8fc57860,stock.plumbing,available,68,31,5,,,
7845115b-b06d-4be3-94ff-acf62e6243f2,stock.porn,available,68,31,5,,,
00f5ec5f-64ef-4d99-aecc-c5cb855b9f12,stock.press,premium,68,31,5,,,
d0537727-fd4b-4532-b064-388e384ebe4e,stock.pro,resell,68,31,5,Dynadot Inc,29/03/2006 00:00,29/03/2026 00:00
aa510556-172c-47ee-b128-f01f63d221ca,stock.productions,premium,68,31,5,,,
bf9cec64-4021-4930-99cf-47312bb959a3,stock.prof,premium,68,31,5,,,
09f2a3d8-e549-4fb7-89af-f23a006f6dc5,stock.promo,premium,68,31,5,,,
8e6b6f7c-bf83-43cb-95df-d57f022b7ee2,stock.properties,available,68,31,5,,,
81da049e-9a0c-472a-a3a5-6af470b2fee6,stock.property,premium,68,31,5,,,
4ef99746-31bf-499e-80c9-b7c05d42bd72,stock.protection,available,68,31,5,,,
41d929c5-f754-446c-b8fd-5761d9fba219,stock.pub,resell,68,31,5,"Xiamen ChinaSource Internet Service Co., Ltd",03/10/2016 07:37,03/10/2026 07:37
9a7b4bbe-68fb-4a8e-a2c8-4c3d34562383,stock.pw,premium,68,31,5,,,
f0af5338-d766-45e6-bc9e-8190104427f1,stock.qpon,sold,68,31,5,Gname.com Pte. Ltd.,13/11/2025 09:56,13/11/2026 23:59
c5fe5d0e-7fc4-459e-ba42-d5ca3424200a,stock.quest,premium,68,31,5,,,
b826f3e1-d401-418d-9c3c-8ac8b9f9c3f4,stock.racing,premium,68,31,5,,,
b9c4b388-35cf-41cd-832a-3ee6a68f3d81,stock.realty,available,68,31,5,,,
879eb30b-e8b6-4538-8d98-8027be42233e,stock.recipes,available,68,31,5,,,
c39a2bac-f4a7-4109-86d7-55c67f2d6e7b,stock.rehab,available,68,31,5,,,
f73221e7-67ce-4685-92da-7bd78fda717d,stock.reise,available,68,31,5,,,
e13ccdcb-14cb-46ac-a199-5717c8edc293,stock.reisen,expiring,68,31,5,GNAME.COM PTE. LTD.,28/12/2024 08:11,28/12/2025 08:11
56137b06-88b6-4cb1-97e9-092e81b0d4fc,stock.rent,sold,68,31,5,"Go Daddy, LLC",23/10/2025 15:34,23/10/2026 23:59
14d103c1-2792-49d6-9a1b-2a34e162c705,stock.rentals,available,68,31,5,,,
7f097fc3-a465-4fd7-b310-31476f66ae6f,stock.republican,available,68,31,5,,,
807971e0-33f6-4768-80ea-38206cfcd5ba,stock.rest,resell,68,31,5,"Dynadot, LLC",01/08/2025 10:56,01/08/2026 10:56
0a2e3295-5e16-42cb-a892-656aea566fc0,stock.restaurant,available,68,31,5,,,
b970903d-6264-4b9f-aaa2-3c098157aa78,stock.review,premium,68,31,5,,,
7dafc185-5133-46b9-99a3-f8bac9f0d628,stock.reviews,available,68,31,5,,,
d208525c-3e8a-4f0a-a3c7-e47df70d9c60,stock.rich,sold,68,31,5,Porkbun LLC,11/09/2025 04:51,11/09/2026 04:51
1203afc6-7e3b-472d-b032-175e3126b940,stock.rocks,premium,68,31,5,,,
4f4a692e-6729-417c-9a42-c1028da33cb6,stock.rodeo,premium,68,31,5,,,
e2345c6a-60a9-413e-8a55-d4416f2df659,stock.rsvp,premium,68,31,5,,,
6941b522-535f-49e3-9e05-3be98ec27f94,stock.run,expiring,68,31,5,"Chengdu West Dimension Digital Technology Co., Ltd.",12/12/2019 11:08,12/12/2025 11:08
d3bda3aa-8912-45fa-a630-0f6cbaab14eb,stock.sale,premium,68,31,5,,,
1ca90de5-d5d2-4ddb-82d9-36617dd55cc2,stock.salon,premium,68,31,5,,,
53d66e9d-8fac-4fc3-8d2c-961cd5a98ccf,stock.sarl,available,68,31,5,,,
9e5de345-1407-49f3-a96f-85f45d95f8ec,stock.schule,available,68,31,5,,,
e4389c87-81e8-4cc3-a61e-007534910ae6,stock.security,available,68,31,5,,,
3e79f0a4-7bd3-4607-9efb-456816cae909,stock.sexy,premium,68,31,5,,,
69eb532a-aa31-40dd-9fc9-d09f0b3f816e,stock.shiksha,available,68,31,5,,,
ada85c48-650e-423e-be51-35084b215d90,stock.shoes,available,68,31,5,,,
841082ee-dd67-428a-a5fe-8f24ab829903,stock.shopping,expiring,68,31,5,"Chengdu West Dimension Digital Technology Co., Ltd.",06/09/2022 13:15,06/09/2025 13:15
ce4b0b17-8c39-4cc6-a1d9-d27c838b6dff,stock.show,expiring,68,31,5,Dynadot Inc,31/12/2017 18:00,31/12/2025 18:00
1078369f-8564-49df-a9df-7c4e36b666c1,stock.singles,available,68,31,5,,,
269a8804-d66e-4635-94bc-07f6cbd6fd8b,stock.site,premium,68,31,5,,,
c5a5f55c-b172-49b1-a59c-335e94bbe26d,stock.ski,available,68,31,5,,,
05990125-a380-4291-acf3-d1f85b76f059,stock.skin,premium,68,31,5,,,
7f9975a3-83bb-49ae-bcff-cfd1a176a0c4,stock.soccer,available,68,31,5,,,
b8e59065-3710-4c4c-b9aa-2cacc9ae58b3,stock.software,premium,68,31,5,,,
edb29374-5af6-4bee-8fcd-e760c440f4b3,stock.solutions,resell,68,31,5,"Spaceship, Inc.",04/06/2024 17:00,04/06/2026 17:00
39b57631-4da4-4622-894e-48ae8cfac271,stock.soy,premium,68,31,5,,,
49942825-245d-41df-a441-1c5c4985f4f7,stock.space,premium,68,31,5,,,
a583b8fe-35cc-4a90-91b4-f697271544db,stock.spot,premium,68,31,5,,,
86073f45-d249-4b36-8651-a6288810c85b,stock.srl,available,68,31,5,,,
c325191a-4eb7-47b1-ac6b-f560f35529a9,stock.store,premium,68,31,5,,,
e4dec6a6-eab5-47cb-bcce-aa3a49e47a18,stock.stream,premium,68,31,5,,,
566e07fc-3338-4dbb-9a21-4cafd2989faf,stock.study,premium,68,31,5,,,
54bb2fbc-3a15-4773-9c9a-7ca35af72eed,stock.style,sold,68,31,5,Domain Science Kutatási Szolgáltató Korlátolt Felelősségű Társaság,30/09/2025 15:15,30/09/2026 15:15
0cc75dae-7615-44d1-b4ae-b5231acb9214,stock.sucks,premium,68,31,5,,,
bee67a29-8724-40df-ad93-7649a5499abc,stock.surgery,available,68,31,5,,,
ef9962f6-f30c-4ee2-a3ef-9966cfd3f7ec,stock.sydney,available,68,31,5,,,
62f9ce20-cb49-407a-b500-2a0f193a197e,stock.talk,available,68,31,5,,,
bb339707-a204-46a7-8443-2336bf1e2138,stock.tattoo,available,68,31,5,,,
21ddf60b-01e4-49c8-8ccf-8f228dfa2ec1,stock.taxi,available,68,31,5,,,
ad275b4d-124c-4eef-b83d-762a1c72104d,stock.team,expiring,68,31,5,"Xiamen ChinaSource Internet Service Co., Ltd",23/12/2018 11:23,23/12/2025 11:23
cf56435a-cf4a-4202-908d-7a2ed4eaf1f8,stock.tech,premium,68,31,5,,,
a769f043-df6b-4deb-84e1-26c0f316f35a,stock.technology,resell,68,31,5,"Global Domains International, Inc. DBA DomainCostClub.com",29/07/2025 15:15,29/07/2026 15:15
752678c5-9786-409c-bee1-d3cd3fb925cd,stock.tennis,available,68,31,5,,,
aa340a0d-341e-4d49-a25a-4ad0a751e32c,stock.theater,available,68,31,5,,,
9ab93edf-c92a-447e-a72f-bce62790fa8a,stock.theatre,available,68,31,5,,,
5448d1ff-10fb-4b80-b9e3-6d8217f17a82,stock.tickets,available,68,31,5,,,
5934679e-562b-4cf2-bcb7-8e9739a14bac,stock.tienda,available,68,31,5,,,
e0e4f758-b3e5-4737-b840-e81a1395a44e,stock.tires,available,68,31,5,,,
9459cf82-f1fa-4f04-a630-50b65586e27f,stock.today,resell,68,31,5,"DNSPod, Inc.",30/04/2023 15:15,30/04/2026 15:15
1ba47fb7-f633-4a57-818d-c8bfed43ed67,stock.town,premium,68,31,5,,,
afbd3260-c072-4872-953e-a8e3bdabfd01,stock.toys,available,68,31,5,,,
7a9f7800-7c06-494f-97e1-df8939843568,stock.tube,resell,68,31,5,"GoDaddy.com, LLC",19/06/2020 18:52,19/06/2026 18:52
644a54ae-5614-4eb1-b4ff-7b74a990b5f8,stock.tv,resell,68,31,5,Dynadot Inc,19/03/2010 04:07,19/03/2026 04:07
f6a49c4c-81f8-422f-a8b6-5f4ef20b4580,stock.uno,premium,68,31,5,,,
3187b75e-fbce-4d8d-aabd-d05b3d9390f9,stock.vacations,available,68,31,5,,,
1c2338c7-f730-44ab-b261-4f55fba55101,stock.vana,available,68,31,5,,,
d7f8b114-804a-4b1c-a0ee-295cfdadf00e,stock.vc,expiring,68,31,5,"Sav.com, LLC",30/12/2012 16:10,30/12/2025 16:10
771b7fae-b86b-4eb3-954a-3f992c5a58f1,stock.viajes,available,68,31,5,,,
c6df2278-796a-4d15-97cd-5a01cddba0eb,stock.video,premium,68,31,5,,,
7951b972-9e5a-41a4-8b6c-8b4348e7782d,stock.villas,available,68,31,5,,,
b12a4a43-b02e-4b80-b3f1-b6ae8ee510d8,stock.vodka,premium,68,31,5,,,
2206396e-17b9-40b4-99ba-6fecc7a984ea,stock.vote,available,68,31,5,,,
e604b9ac-1c85-416b-b2fd-cea31bff1b7f,stock.voting,available,68,31,5,,,
01423742-57ab-4235-8ebe-82e035fb0f1b,stock.voto,available,68,31,5,,,
69b58ee2-f8fe-4e80-9bef-1f2f655a65b8,stock.voyage,available,68,31,5,,,
a35b1ce8-1b53-4ef0-9756-54ff36fa0f8f,stock.watch,premium,68,31,5,,,
e68a6d29-bbfa-4aa4-a779-6956735bd780,stock.webcam,premium,68,31,5,,,
e081cc76-d2c2-4470-bb78-5508947f5a49,stock.website,premium,68,31,5,,,
d0ae3398-33aa-4657-bb0d-75b6d061a25e,stock.wedding,premium,68,31,5,,,
1dc7b726-09ef-4b84-b4c7-151ab7f5ad6b,stock.wiki,premium,68,31,5,,,
1350bdb4-f2fe-40f1-a0e3-3a83fe7b6bfc,stock.work,resell,68,31,5,Alibaba Cloud Computing Ltd. d/b/a HiChina (www.net.cn),31/10/2020 16:05,31/10/2026 16:05
d7b69a61-6270-47cb-9c4e-bdb29107c4b5,stock.world,resell,68,31,5,"Xiamen ChinaSource Internet Service Co., Ltd",30/03/2019 22:09,30/03/2026 22:09
99695969-8aad-4e88-9c58-230e671db412,stock.xyz,premium,68,31,5,,,
a1db91aa-c8d8-4d33-ac9d-19818fa1afc6,stock.yachts,premium,68,31,5,,,
d936d11b-8b33-4cba-908b-12e4cbcac4da,stock.zip,premium,68,31,5,,,
058ccfcf-715b-4fd9-a28c-5693fc93d58f,apparel.photo,premium,98,16,7,,,
4ce002b2-0497-4e92-afe8-c00695717bc3,apparel.photos,available,98,16,7,,,
5651021e-c660-492b-ab82-a8a8d610dac8,apparel.pics,available,98,16,7,,,
6ca703b3-c0b8-48f1-8f7a-48553971cf7f,apparel.pictures,available,98,16,7,,,
f8c4a690-54a2-4411-95af-7aec2e53ae4f,apparel.pink,premium,98,16,7,,,
06bb8e44-cad2-48cd-82b8-cffcdd14984a,apparel.pizza,available,98,16,7,,,
f118a891-d05f-48cd-a722-eb9169cc01ce,apparel.place,available,98,16,7,,,
2d38a1fb-378c-4c47-8182-6c6c3338d364,apparel.plumbing,available,98,16,7,,,
32c3228c-3bfc-4ff6-a2f7-170b82e697c8,apparel.poker,available,98,16,7,,,
d15e6448-f257-4814-a37e-51ba76a8f8dd,apparel.porn,available,98,16,7,,,
bf1e6d52-8558-432d-80de-73bdebdfe152,apparel.press,premium,98,16,7,,,
9c2f15ce-9187-42e1-9839-406a7671de59,apparel.productions,premium,98,16,7,,,
3daa032f-d92d-4797-a47d-6954eb6ac656,apparel.prof,premium,98,16,7,,,
f45d7b3b-875e-4a8d-8f71-0f52ef01fe54,apparel.promo,premium,98,16,7,,,
eab28685-9e7a-4df3-a33c-f269318b0215,apparel.properties,available,98,16,7,,,
d4a14c07-26e6-48ef-9239-5243fb064542,apparel.property,premium,98,16,7,,,
0b4f5662-c3d2-493a-81a9-46e3a5125086,apparel.protection,available,98,16,7,,,
021def05-db56-4745-b27f-7a6161dd0b22,apparel.pub,available,98,16,7,,,
2954788a-86b1-4718-9339-759335ad0c44,apparel.qpon,available,98,16,7,,,
71b49547-200d-4bf3-a1a6-7193089639e9,apparel.quest,available,98,16,7,,,
af0b5859-a872-449c-93a1-bde1d6ab13c6,apparel.racing,premium,98,16,7,,,
ce41bdeb-1374-45b1-9543-59ec568bb768,apparel.realty,available,98,16,7,,,
2f4e894e-a0c9-495c-b666-dd2da3525cae,apparel.recipes,available,98,16,7,,,
1e77e4cb-0393-4652-b4bc-b1b8f643b8b6,apparel.red,premium,98,16,7,,,
45216e05-4f2d-48df-8d80-095e9ad4c513,apparel.rehab,available,98,16,7,,,
9d400016-113b-40a1-bf22-4d4d86b0525e,apparel.reise,available,98,16,7,,,
97418fcc-4e93-4e26-a910-f7aa67eefefa,apparel.reisen,available,98,16,7,,,
657cbbeb-125c-4af1-8f3e-ba8395572bca,apparel.rent,available,98,16,7,,,
e4887dc4-afab-4972-9f91-e4381990207c,apparel.rentals,available,98,16,7,,,
750c1169-b85a-42ab-94f7-586cef44ad36,apparel.repair,available,98,16,7,,,
a813fafa-a8b6-42bd-a804-24969196e608,apparel.report,available,98,16,7,,,
08d2218f-dacd-4ee8-847c-167dbf648515,apparel.rest,available,98,16,7,,,
94ff2fe8-4dd0-4f9c-b292-da7a5e223536,apparel.restaurant,available,98,16,7,,,
53c8315d-32bb-49d5-a11b-46ae6cb0894d,apparel.review,premium,98,16,7,,,
95f4825e-139b-48a0-8f86-d219bd1ce737,apparel.rich,available,98,16,7,,,
c44f486e-0b0d-4fda-b24b-7cee6ce9648b,apparel.rip,available,98,16,7,,,
d751cc09-b9e0-4de6-b942-59fa73a74075,apparel.rodeo,premium,98,16,7,,,
591a898f-7a2a-4b47-89e5-1820b448c5ba,apparel.rsvp,premium,98,16,7,,,
051ac1e7-4ff8-4e77-87ab-5e5140e2fa3d,apparel.sale,premium,98,16,7,,,
f8e80e08-de20-40ff-9862-ed8cbbb0281e,apparel.salon,available,98,16,7,,,
97fc8ceb-6845-4723-ad63-0759756ea591,apparel.sarl,available,98,16,7,,,
a43d37b6-2e1e-42b4-9046-bbb34ce60b75,apparel.sbs,premium,98,16,7,,,
4b524324-3702-4475-8149-f4dd7f3872f9,apparel.school,available,98,16,7,,,
7f1a615c-9516-4307-a3dd-16d225eac64b,apparel.schule,available,98,16,7,,,
e0867e39-b916-4715-9442-d77df1392780,apparel.science,premium,98,16,7,,,
b07fb4b1-13d4-480d-873a-fdd566a1d762,apparel.security,available,98,16,7,,,
1549565b-e4a9-4d50-9f2d-a54cdd1390b2,apparel.services,available,98,16,7,,,
7a8de660-6a00-49c2-9449-4c4b627b9452,apparel.sh,available,98,16,7,,,
36a89595-53b5-4582-926d-695261be81e7,apparel.shiksha,available,98,16,7,,,
79a53992-a46f-48d6-850b-cc249191d54b,apparel.singles,available,98,16,7,,,
bdf2104b-19f1-431f-b993-140c3422f2e0,apparel.site,premium,98,16,7,,,
fde0ab50-c791-4950-b376-22f3a706f5b3,apparel.ski,premium,98,16,7,,,
c4169a6f-1cf2-4a64-bebc-014acc3911c8,apparel.skin,available,98,16,7,,,
c785dd69-65f9-477d-b39a-14c5304f1331,apparel.so,available,98,16,7,,,
b2209e7c-caae-4850-b82e-8480f7fc308f,apparel.soccer,available,98,16,7,,,
76f6e6f6-7e55-4043-a9c2-74f846dcceae,apparel.social,available,98,16,7,,,
7b74e721-49e1-4f6a-8278-0c9d042c26a5,apparel.solar,available,98,16,7,,,
ed7dd6ac-c247-407f-a83a-77fb63faab99,apparel.solutions,resell,98,16,7,"Sav.com, LLC",27/11/2016 10:16,27/11/2025 10:16
bcd2e5af-0301-4594-ad99-c6d9f2b00c79,apparel.soy,premium,98,16,7,,,
2cd1cd79-faad-4c62-ba63-6c1aac3edf19,apparel.space,premium,98,16,7,,,
5352d779-9702-4f7f-9577-db1607cbb5de,apparel.spot,premium,98,16,7,,,
aafd0241-f8bb-4e42-aa0b-0187b9dedc1e,apparel.srl,available,98,16,7,,,
b00a03a8-c779-4363-97a2-6c272240c53b,apparel.storage,available,98,16,7,,,
74891025-b6aa-4655-a824-4812d7dfb9e3,apparel.store,premium,98,16,7,,,
cc5cc403-61f8-4fd1-a650-bf6f8def1183,apparel.stream,premium,98,16,7,,,
ea6855ed-9632-4e38-a2f3-910591a6514d,apparel.studio,premium,98,16,7,,,
d381f958-a450-4d85-bd24-a9c57e13ff3c,apparel.study,premium,98,16,7,,,
97f41547-dd35-43c6-9a5c-865a7ba6d146,apparel.style,premium,98,16,7,,,
31b9e549-74af-4e21-b17b-6a36232a6b29,apparel.sucks,premium,98,16,7,,,
029cec39-b477-416d-b550-7eaee6af850a,apparel.supplies,premium,98,16,7,,,
8bae817a-17ec-4c85-89ad-d6e5a3385874,apparel.supply,available,98,16,7,,,
f1b058a9-e5b2-4ae6-8618-418d9b9a71f2,apparel.surf,premium,98,16,7,,,
e228b7c7-4327-4b59-b878-5842d97a114e,apparel.surgery,available,98,16,7,,,
d6d72479-7099-48ad-b6ae-c90b7cc7adb1,apparel.sydney,available,98,16,7,,,
39e1ff18-53d5-4a7a-8f23-65c5d26367bf,apparel.systems,available,98,16,7,,,
3623766f-1336-4199-9a49-8b825a2e8190,apparel.tattoo,available,98,16,7,,,
aa2134fb-04be-484e-ad61-d635b69901aa,apparel.taxi,available,98,16,7,,,
e4eb06a5-3c2c-4fee-a763-31db29585c85,apparel.team,resell,98,16,7,"DNSPod, Inc.",29/05/2020 09:02,29/05/2026 09:02
318765cd-634f-4e8f-a6e7-8c40435ff72b,apparel.tech,premium,98,16,7,,,
7f0c8a90-7b7c-42d6-b686-ab9a532f9d29,apparel.technology,available,98,16,7,,,
ab0b109f-9ccd-4b40-8b14-0e1cceea1d06,apparel.tel,available,98,16,7,,,
0cd8427e-5820-424d-aa4b-46851c1a48a0,apparel.tennis,available,98,16,7,,,
877f73c9-bc62-4f46-8838-beb762f38717,apparel.theater,available,98,16,7,,,
a662d3e6-39f1-4e76-9edb-2e17f875872e,apparel.theatre,available,98,16,7,,,
eda115b0-b0e9-4eeb-9a93-f2b68b59dc27,apparel.tickets,available,98,16,7,,,
c337116d-9ebd-48cb-921a-0e88e9027e7c,apparel.tienda,available,98,16,7,,,
f5702e74-f4e5-47b6-9198-bbe0733c174f,apparel.tips,available,98,16,7,,,
7f1184dc-68eb-4333-93e3-9b6898e03602,apparel.tires,available,98,16,7,,,
2933afb7-dbd2-40f6-9597-f55e99f9ac27,apparel.today,resell,98,16,7,"Sav.com, LLC - 25",11/04/2025 15:15,11/04/2026 15:15
460d0e2f-dc56-4a04-adf9-6c938a982979,apparel.tools,premium,98,16,7,,,
f25ebcf8-4e06-4ca6-b7de-e19b6e5fefc8,apparel.top,resell,98,16,7,成都西维数码科技有限公司,01/02/2016 18:01,01/02/2026 18:01
ecd2a986-cd8d-4819-834d-74e0ddb90f49,apparel.tours,available,98,16,7,,,
0a514503-1da1-4a24-9ee2-7793f6b027ee,apparel.town,available,98,16,7,,,
6a2d4d53-76d7-4810-a82f-7affde7f8318,apparel.toys,available,98,16,7,,,
0f04eeb0-db5e-470e-bd12-44867c8f7628,apparel.trade,resell,98,16,7,West263 International Limited,21/11/2020 10:30,21/11/2025 10:30
83fdbe94-ee3f-41a4-8379-927e1aef75d4,apparel.training,available,98,16,7,,,
16cbb6b7-5083-4ae2-9ba8-989875a1766d,apparel.tube,premium,98,16,7,,,
0d46d5a8-6bf5-4ffb-a656-8f4b6abe1f6c,apparel.uk,resell,98,16,7,R Karpis,29/03/2019 15:41,29/03/2026 14:41
dc4bc490-5ba7-47e2-9238-32c8a14eba98,apparel.university,available,98,16,7,,,
c2ce5a0b-cc5c-44de-8fd2-a10526631965,apparel.uno,premium,98,16,7,,,
0953f5c8-e709-4962-8ecd-ddc3f1de0af4,apparel.vacations,available,98,16,7,,,
b679a1d7-b3df-4488-acbe-8ff18e3adb07,apparel.vana,available,98,16,7,,,
53b69069-ce2f-460e-aadf-be6e00ad183b,apparel.vc,premium,98,16,7,,,
118c0021-f44a-487b-ae1d-a7a0047b87a0,apparel.vegas,available,98,16,7,,,
369c25e1-35fb-46ed-adb7-2c0b711f0a98,apparel.ventures,available,98,16,7,,,
b712dabf-eed8-476e-9d4f-93703c8813c5,apparel.vet,available,98,16,7,,,
2b2df08c-7439-4bc1-bb1d-910be8760815,apparel.viajes,available,98,16,7,,,
b7a41e68-ae1b-4652-a0f8-a0b7f77fe107,apparel.video,premium,98,16,7,,,
d730eeed-bb30-449a-b6bd-41369debfe86,apparel.villas,available,98,16,7,,,
93614ed5-ba45-41af-b02b-f1c326c3bc09,apparel.vin,available,98,16,7,,,
00457adc-43ed-42cb-b33d-356f9b446a59,apparel.vip,premium,98,16,7,,,
c497e638-1f84-423c-b8e1-5c0c2f7d5f4b,apparel.vision,available,98,16,7,,,
250b22f9-9a48-4238-b1c0-3d07fb6d9186,apparel.vodka,available,98,16,7,,,
24bdbc67-7311-4825-a882-b26cea20ac10,apparel.vote,available,98,16,7,,,
e9ea6fcc-75ab-4509-8334-07855312c47c,apparel.voting,available,98,16,7,,,
41a5e399-c11d-472f-809b-3f0c93214bd3,apparel.voto,available,98,16,7,,,
f001db1d-7894-4541-b231-d0c292142363,apparel.voyage,available,98,16,7,,,
03d75916-b766-4726-9db7-15af7474207f,apparel.watch,available,98,16,7,,,
fead86bc-f3f5-4a25-903b-878c837b9988,apparel.webcam,premium,98,16,7,,,
fdd3a8ec-6db7-4d19-90d7-3d8fb61e1876,apparel.website,premium,98,16,7,,,
637cab6e-1fe0-4128-a019-a689c71a8a95,apparel.wedding,premium,98,16,7,,,
e447e40c-b7d5-483d-bef1-cfeabb935cb3,apparel.win,premium,98,16,7,,,
4a651828-74ff-4e35-bf26-359d7f50ae0d,apparel.wine,available,98,16,7,,,
6adc1c4d-10b0-437f-8af6-a363d4368ec7,apparel.work,premium,98,16,7,,,
053bbd96-1a29-4a06-8c8e-23d20648b373,apparel.wtf,expired,98,16,7,"NameCheap, Inc.",12/07/2022 11:50,12/07/2025 11:50
5d6bd641-db57-4147-940e-23785d3a05d2,apparel.xyz,resell,98,16,7,Dynadot LLC,30/05/2019 19:13,30/05/2029 23:59
d5e8e6e2-10e0-4582-b009-cf493273d614,apparel.yachts,available,98,16,7,,,
13b592fb-9785-4614-8f90-2642c6822052,apparel.yoga,resell,98,16,7,"GoDaddy.com, LLC",26/08/2020 18:51,26/08/2026 18:51
b15dcbe5-1e26-4e7f-96eb-0b6d15cfae91,apparel.zip,premium,98,16,7,,,
9ae0d635-f3a4-41c7-9d10-2cf972c69d43,apparel.zone,resell,98,16,7,"GoDaddy.com, LLC",10/05/2014 07:08,10/05/2026 07:08
191d2d39-87ae-432f-84a3-13f7c04c7226,apparel.ac,available,98,16,7,,,
59ce0c36-c47a-4ffd-9811-dc98a117ba5b,apparel.academy,expired,98,16,7,Domain Science Kutatási Szolgáltató Korlátolt Felelősségű Társaság,25/06/2024 13:04,25/06/2025 13:04
291cf9e6-8e42-45b4-b08d-84ccb7804b30,apparel.accountant,premium,98,16,7,,,
679f0da9-f3d3-4b3c-84f1-857d37483ab1,apparel.accountants,available,98,16,7,,,
868de4bb-8cdb-469c-bc3e-12761a1ddaa1,apparel.actor,resell,98,16,7,Domain Science Kutatási Szolgáltató Korlátolt Felelősségű Társaság,19/08/2025 15:15,19/08/2026 15:15
6621ad29-2385-455b-b720-ae927b671070,apparel.adult,available,98,16,7,,,
0c311c82-f301-4cc2-af88-6a5ff75b4818,apparel.ag,available,98,16,7,,,
a9ee41a2-c3b3-41f9-9890-ab53fb4de11a,apparel.agency,resell,98,16,7,"Sav.com, LLC - 14",26/08/2025 15:15,26/08/2026 15:15
09ab21b6-37df-4d18-a88e-ecf1076e7837,apparel.airforce,available,98,16,7,,,
bb9d3000-86d2-476b-812d-a097dbf495bf,apparel.apartments,available,98,16,7,,,
3a871801-f5f5-4a91-a350-25c0259fb5fe,apparel.archi,available,98,16,7,,,
3ca841e1-d954-4819-b337-dee9f2a7c66e,apparel.army,available,98,16,7,,,
4a3ee4a2-82dd-4d39-91d8-dc97b4f58bb8,apparel.asia,resell,98,16,7,"GoDaddy.com, LLC",04/07/2008 07:02,04/07/2026 07:02
454ac3e2-007b-4085-8761-08054c05b36e,apparel.associates,available,98,16,7,,,
605801b9-2aa9-4a97-ba49-d4f12aaa285a,apparel.at,resell,98,16,7,eu-iris.at web invest gmbh & co KG ( https://nic.at/registrar/679 ),,
3a28494e-daac-496d-bb21-b6f5be09e1b6,apparel.attorney,available,98,16,7,,,
048b20a9-e48b-4357-96bc-0f5d7b635c2a,apparel.audio,available,98,16,7,,,
290e1c23-0f6e-4ca0-ab8b-7e9ffbfe01b7,apparel.auto,available,98,16,7,,,
1d57ac07-0c5b-466a-a4b6-a334672ab7eb,apparel.autos,available,98,16,7,,,
0867a839-2b25-42f5-8731-7608cbc5b5d8,apparel.band,available,98,16,7,,,
3dfbc584-4754-4f10-8bd9-7e1b343e113a,apparel.bar,premium,98,16,7,,,
7c838252-7144-4c92-8bdf-5335ae403f20,apparel.bargains,premium,98,16,7,,,
fd66274d-3079-436f-b670-caf7e32e6a87,apparel.bayern,available,98,16,7,,,
6e7d2283-c285-4f60-bb5e-cd346f0109fe,apparel.beauty,resell,98,16,7,"Spaceship, Inc.",30/01/2025 09:11,30/01/2026 23:59
cd104d6f-ab4e-4451-b0e6-d0ad193e9502,apparel.berlin,available,98,16,7,,,
01047134-fa2e-4c67-8337-eb2fb278bcad,apparel.bet,available,98,16,7,,,
7e669e76-b716-4767-968d-5542b7175338,apparel.bid,available,98,16,7,,,
a78a7907-f7b7-499b-a632-1c29cbee08cd,apparel.bike,available,98,16,7,,,
f6abc557-203a-4720-bce5-c66d3984ce67,apparel.bingo,available,98,16,7,,,
6800ac62-e6ea-4e14-83ce-541eafd55a17,apparel.bio,premium,98,16,7,,,
890af147-67e7-4dbb-97a4-c34a49ff3ebd,apparel.biz,resell,98,16,7,"GoDaddy.com, LLC",27/03/2002 08:42,26/03/2026 23:59
718d822e-0f19-47e8-b9f3-ec11eacbee35,apparel.black,premium,98,16,7,,,
18c185e9-7e8b-43cb-9c6f-99c09039b846,apparel.blackfriday,available,98,16,7,,,
c16a95df-1a5d-4314-970c-5de824a3a791,apparel.blog,premium,98,16,7,,,
9e8cb9d4-b33f-4c32-bc71-63a260f7c782,apparel.blue,premium,98,16,7,,,
fd838d37-8fc2-40a4-891e-220ba3d8c4fd,apparel.boats,available,98,16,7,,,
8076cd07-b3d4-4254-9aa8-135175c05ab2,apparel.bond,premium,98,16,7,,,
3bf7d932-f46d-411d-b34a-ccfe1d23a859,apparel.boo,premium,98,16,7,,,
ee1a4081-8773-4e74-8196-07967b7ea9ae,apparel.boston,premium,98,16,7,,,
6847ba48-a88a-49db-8e88-455740b72c98,apparel.boutique,premium,98,16,7,,,
6e3995be-da2f-458e-8c51-d317ac97ea1b,apparel.build,premium,98,16,7,,,
51021ba2-d828-4049-9f85-51619ee0db78,apparel.builders,available,98,16,7,,,
e4cac62a-bf1a-4b37-9d69-f12c41bb279c,apparel.buzz,premium,98,16,7,,,
b7dbea6b-c768-49a5-9f01-5f22cd2c9b4b,apparel.bz,available,98,16,7,,,
ac6e0b5e-6df6-444c-9991-43620a5734f9,apparel.ca,expiring,98,16,7,Tucows.com Co.,16/10/2000 21:18,28/09/2025 04:00
5c37a4a0-5158-4eaf-8500-3101258702b3,apparel.cab,available,98,16,7,,,
fad5670e-6155-473f-b32c-2e21dcd8a038,apparel.cafe,available,98,16,7,,,
11560e62-2e09-44f3-be1c-ffcf0b3faeff,apparel.cam,available,98,16,7,,,
0b8ac8b0-90eb-4148-af7d-77d3e069044e,apparel.camera,available,98,16,7,,,
d40c81d9-7c03-4cb7-8ad4-086857a69fd9,apparel.camp,available,98,16,7,,,
b7497b58-f07f-4a41-b133-f4b502904976,apparel.capital,expired,98,16,7,Domain Science Kutatási Szolgáltató Korlátolt Felelősségű Társaság,20/07/2024 17:00,20/07/2025 17:00
5967adde-66b7-472f-a1be-fd8859afe14e,apparel.car,available,98,16,7,,,
2dbfdced-118a-4191-9570-491bef49b05a,apparel.cards,available,98,16,7,,,
1d3fc4ad-0c2c-4683-9464-0ffed2bf2a8f,apparel.care,available,98,16,7,,,
cd81bc99-0332-4fc0-9dcf-7a36e559f2be,apparel.careers,available,98,16,7,,,
ed8c123a-3bb2-4bae-970f-e59eefcc6bf0,apparel.cars,available,98,16,7,,,
a5c6731e-72d1-43d8-88bc-09e60dcd146d,apparel.casa,available,98,16,7,,,
ed68f663-1ca1-42ab-807b-cafd5652901e,apparel.cash,available,98,16,7,,,
2110fa70-0d19-46ec-9f70-a282e88c9b42,apparel.casino,available,98,16,7,,,
36d7437a-db75-474c-86fe-dad8fce2033e,apparel.catering,available,98,16,7,,,
7a7e42ec-4301-4b2c-b555-cad9f33d4c93,apparel.cc,resell,98,16,7,Dynadot Inc,20/12/2007 09:47,20/12/2025 09:47
9b4d7114-85c5-47bf-ba13-a89b815edcab,apparel.ceo,available,98,16,7,,,
a18261ee-a45d-45fe-9c42-640838f23ef9,apparel.cfd,resell,98,16,7,Dynadot LLC,27/04/2021 14:10,27/04/2026 23:59
94933d2b-0ccb-471c-bdc2-c2497309156f,apparel.charity,available,98,16,7,,,
c8d143e0-ca00-4889-8622-e1d2aa17ca99,apparel.chat,available,98,16,7,,,
acf50a36-e773-46b2-88b8-3bacd26bc3db,apparel.cheap,available,98,16,7,,,
8d4bbdd1-c6ab-429f-bd40-e51e5bd97739,apparel.christmas,available,98,16,7,,,
9df000ce-3456-4fd3-b647-24f5a880392f,apparel.church,available,98,16,7,,,
67774c22-871f-4a25-9ab7-572ffdc7eca4,apparel.city,premium,98,16,7,,,
ffe52a37-028b-42fc-a725-0d336440f451,apparel.claims,available,98,16,7,,,
4b237330-5fa7-48c9-b0a5-2d8e1792ef91,apparel.cleaning,available,98,16,7,,,
f6e40527-1aa4-4251-9943-00991660d0ba,apparel.clinic,available,98,16,7,,,
f38675bb-1c18-47e5-a7aa-f13f78214bdc,apparel.clothing,resell,98,16,7,"Global Domains International, Inc. DBA DomainCostClub.com",02/06/2025 15:16,02/06/2026 15:16
cfd85ee8-283e-4e66-b2a5-5ae71e3c43ab,apparel.club,premium,98,16,7,,,
c339a34c-8572-4e4f-ad54-c562f6468730,apparel.codes,available,98,16,7,,,
59e3c7aa-c744-4f54-a100-62179c1e9b21,apparel.coffee,available,98,16,7,,,
794d03c7-e9c8-47dc-88fa-1c9f70d9f7c3,apparel.college,available,98,16,7,,,
ed78bf25-5e37-45f3-8673-1b0d74c24d58,apparel.community,available,98,16,7,,,
a6fce7ff-c744-4e2c-9810-43cb33e2d783,apparel.company,expiring,98,16,7,Dynadot Inc,12/09/2018 17:43,12/09/2025 17:43
be694f76-d318-4163-bea8-9f79d238b369,apparel.computer,available,98,16,7,,,
fea51b23-76f5-49d8-87af-f55d2778a2d4,apparel.condos,available,98,16,7,,,
c5281034-a8a8-4ee1-9e1a-98730ad0b9f4,apparel.consulting,premium,98,16,7,,,
26e6e3f7-0f35-4ebb-a9cf-235c15f6785b,apparel.contact,available,98,16,7,,,
7e0f5f36-c395-4f4f-b071-bd801084a007,apparel.contractors,available,98,16,7,,,
40dac5c8-fef2-4c5f-8a85-252fdaa06410,apparel.cooking,available,98,16,7,,,
0433efbd-dd4d-4734-a79f-6011c08cde3b,apparel.cool,resell,98,16,7,"Sav.com, LLC - 8",31/03/2025 15:15,31/03/2026 15:15
9f69aada-bdb3-42cc-a2e6-ee25ba24134a,apparel.country,available,98,16,7,,,
2d1f9638-d0e3-4d04-878c-e649dacdbfa0,apparel.courses,available,98,16,7,,,
65e732ff-3559-4241-bcfb-0bc043a8c267,apparel.credit,available,98,16,7,,,
287df027-5f49-43d7-a1fd-717169ae004c,apparel.creditcard,available,98,16,7,,,
63b82fe3-755a-4c34-9659-9561a6ba0ba0,apparel.cricket,premium,98,16,7,,,
1414c634-fffe-47d1-a787-f0969c895667,apparel.cruises,available,98,16,7,,,
eaae0c40-3800-448b-b249-33694a56c216,apparel.cx,expired,98,16,7,CentralNic Ltd,25/08/2024 00:00,25/08/2025 19:43
5cdc517f-e8ed-4e0f-b790-23cec172051a,apparel.cyou,resell,98,16,7,Namecheap,13/08/2024 14:39,13/08/2026 23:59
9982f47b-dca0-4bd9-9d84-a641c25aa507,apparel.dad,premium,98,16,7,,,
abfa6f9b-30ec-46e4-8cf0-ce839efbc56a,apparel.dance,premium,98,16,7,,,
ecd19062-eacd-485b-bce4-92d9b219b8b6,apparel.date,premium,98,16,7,,,
ec4ca4cf-e554-4e44-9f55-6615496b34d0,apparel.dating,available,98,16,7,,,
6e62242a-8083-4311-afe3-de53897533ae,apparel.day,premium,98,16,7,,,
4186e3eb-4cf1-44ff-9a1d-190c906c3832,apparel.dealer,premium,98,16,7,,,
ca89397d-f834-4a58-ab68-9462efacdeec,apparel.degree,available,98,16,7,,,
198e7762-ced5-48e1-a212-3affe8eb942e,apparel.delivery,premium,98,16,7,,,
06113e92-ba3d-4b21-9907-a8ea0b79e9f9,apparel.democrat,available,98,16,7,,,
b30bba23-0373-4396-95d6-b0c32a3ac9be,apparel.dental,available,98,16,7,,,
031f978b-206e-43c5-a7a2-823013c05c6c,apparel.dentist,available,98,16,7,,,
ec6486ad-567f-44b1-8541-404e6b65e9ee,apparel.design,premium,98,16,7,,,
bb99566c-7a98-417f-a6e5-e06c969c1311,apparel.dev,premium,98,16,7,,,
37a71124-0234-4a62-9cc6-a80253e3c393,apparel.diamonds,available,98,16,7,,,
d039df2a-4e78-451e-8ec9-3d48e7249e49,apparel.diet,available,98,16,7,,,
71162fac-4fe8-4383-85ee-bafecc1b0bc6,apparel.digital,resell,98,16,7,"Sav.com, LLC - 26",30/08/2025 15:15,30/08/2026 15:15
e7692144-9a2c-416e-9387-b99c8857cec5,apparel.direct,premium,98,16,7,,,
868249c0-185a-4e29-ab46-e9cab87f8c84,apparel.discount,premium,98,16,7,,,
2ccb8905-eeec-4d3d-9ef9-40451dba16eb,apparel.diy,premium,98,16,7,,,
dc5445a7-284c-4fe4-ae04-f56b74def5ee,apparel.doctor,available,98,16,7,,,
ed653627-24d0-4c57-b882-c7c8aff62a00,apparel.dog,resell,98,16,7,"NameCheap, Inc.",15/11/2019 02:39,15/11/2025 02:39
518f2780-5324-495e-aaa3-7f0c7fe8a954,apparel.domains,available,98,16,7,,,
fdacd51e-ba64-4b10-bd20-828d29f9daa4,apparel.download,premium,98,16,7,,,
d218abde-5013-4289-94c4-422f7d2d032a,apparel.earth,available,98,16,7,,,
717c4718-2c35-4b05-80f8-466c6fafb7f1,apparel.education,available,98,16,7,,,
f3d88d2a-8582-455f-8e76-501e6c5f2a58,apparel.email,available,98,16,7,,,
78c722ac-a0eb-4004-915e-76ae844aaee7,apparel.energy,available,98,16,7,,,
9c9ae135-0ac3-4dc5-a43f-07f1dd1c9bb0,apparel.engineer,available,98,16,7,,,
8db1009e-816a-4120-acc9-a84c300581ed,apparel.engineering,available,98,16,7,,,
0c867173-1df3-42b1-8126-a6e82bbee9a2,apparel.enterprises,available,98,16,7,,,
9a0e00f4-edff-49ef-aed4-78cefac37574,apparel.equipment,available,98,16,7,,,
0544af0b-e556-41d2-8b7f-b759a4bd0127,apparel.esq,premium,98,16,7,,,
5dc7843d-4aad-4dbe-88bd-0297a5087599,apparel.estate,available,98,16,7,,,
3b590efd-c9ab-4ac0-8a59-681ff2a4be62,apparel.eu,resell,98,16,7,Name: RegistryGate GmbH Website: http://www.registrygate.com,,
b72b0fb9-6e9a-4f39-9415-4f5f3d571d77,apparel.events,expired,98,16,7,"Sav.com, LLC",18/07/2024 04:55,18/07/2025 04:55
0f193781-9b9e-4ab7-822c-ebf2935a48ef,apparel.exposed,available,98,16,7,,,
6d898ca9-f5f1-4526-9c65-159ee1a59d1b,apparel.fail,available,98,16,7,,,
289f16b1-dfc7-48cc-923e-355f6c64746d,apparel.faith,premium,98,16,7,,,
ad9c5172-d3d3-46df-8ea4-84cfa6653dde,apparel.family,premium,98,16,7,,,
c31133a5-d824-4454-8cf6-1320ee3bd8f5,apparel.fan,available,98,16,7,,,
621d347f-4d64-40d2-8a0e-3c5fc8495af7,apparel.fans,premium,98,16,7,,,
833930bd-0111-4c68-b02a-73809d8a2411,apparel.farm,available,98,16,7,,,
d434dc67-eb2c-4794-86b4-e806ea4a3e10,apparel.fashion,premium,98,16,7,,,
877fdd23-35b9-4d9f-b207-0679d333268b,apparel.film,premium,98,16,7,,,
3b54320e-96b7-4a46-a162-5db5e84368a2,apparel.finance,available,98,16,7,,,
1533aee3-80f8-40f2-9b54-a883565eaf5c,apparel.financial,available,98,16,7,,,
789f8fd1-8ea9-48e0-a5c5-7eccf60bc36a,apparel.fish,premium,98,16,7,,,
03d50cc1-5152-42c5-a005-a8e9001a6a07,apparel.fishing,available,98,16,7,,,
3b1ac958-ba9b-4fe7-bdb4-1669076bd1fd,apparel.flights,available,98,16,7,,,
442c283d-db5a-4184-834f-d8738b2700b1,apparel.florist,available,98,16,7,,,
35203b48-c40b-4a00-8dd2-8b3e6351e0f9,apparel.flowers,available,98,16,7,,,
525b67f1-fbc3-47e3-8a6d-15241fb866d1,apparel.fm,premium,98,16,7,,,
41aa13b3-cb24-478e-a84a-ee2927e13956,apparel.foo,premium,98,16,7,,,
c068e0e4-e2c0-427b-a5f7-dbe492d8a9f6,apparel.food,available,98,16,7,,,
ddd5aef6-9f81-462d-bfea-b8b1ebc482e3,apparel.football,premium,98,16,7,,,
f80180ff-c369-4898-a0c3-5d2afae1dbf5,apparel.forsale,premium,98,16,7,,,
6412bd7f-5feb-4020-bc5c-da92d1c6bb50,apparel.forum,available,98,16,7,,,
4057fe0f-82a7-4c97-92e4-6bc38f059867,apparel.foundation,available,98,16,7,,,
747f9a8a-1143-4ae9-8818-42b61e4343b8,apparel.fun,premium,98,16,7,,,
c7c93c69-56ea-4802-8b49-ae5afa5f79ab,apparel.fund,available,98,16,7,,,
0b58bf96-ae7c-426b-aa3e-ed37689b1428,apparel.furniture,available,98,16,7,,,
2375ff47-5287-4b83-8b9d-1405815f2ed9,apparel.futbol,available,98,16,7,,,
cc808fc6-0d9a-4a6f-93da-c17998936eac,apparel.gallery,available,98,16,7,,,
8ec428f5-317e-48d7-9283-2f004ade08b0,apparel.game,available,98,16,7,,,
db43264d-8341-4799-90f3-bafc5fe73fde,apparel.games,available,98,16,7,,,
1721fb51-0e93-4a21-92e1-7a80baafdcf5,apparel.garden,premium,98,16,7,,,
27c4d623-925e-4463-9b68-399a5147f068,apparel.gay,premium,98,16,7,,,
1bce7d3f-c263-4d49-8bf7-60f4c85a540b,apparel.gift,available,98,16,7,,,
b446b291-28e3-45e1-8497-3e036715b0d0,apparel.giving,available,98,16,7,,,
dabb8a80-6f20-459f-b6d4-836e5f458a98,apparel.glass,available,98,16,7,,,
2d6d521f-4f16-438f-950c-5aa93b292d9c,apparel.global,premium,98,16,7,,,
35420dfe-545b-41dc-a7c5-ba42b9fd6c73,apparel.gmbh,available,98,16,7,,,
4f39cad8-90bf-4a54-818f-a3780609d613,apparel.gold,available,98,16,7,,,
f02f6910-7531-40dd-8b95-3cc062a076b9,apparel.golf,premium,98,16,7,,,
a4feef17-c54b-4e12-94b1-5afa5f534315,apparel.graphics,available,98,16,7,,,
0f811078-7e96-4f61-a24c-74ada0051386,apparel.gratis,available,98,16,7,,,
2c8d32c9-2bbb-4569-817c-02f7fd2008dc,apparel.green,premium,98,16,7,,,
851c1f59-ce8b-4920-ab5c-18c590e6056a,apparel.gripe,available,98,16,7,,,
0733a2d8-ad4a-4a93-be5d-2b10d993f4a5,apparel.guide,available,98,16,7,,,
da84e071-2a52-425c-bf1c-9c5a5502e82e,apparel.guitars,available,98,16,7,,,
64bcdf6a-04ed-44de-a14e-5bc7d28a2094,apparel.guru,resell,98,16,7,Dynadot Inc,17/07/2025 17:00,17/07/2026 17:00
a9323bf6-dda4-4b40-a75a-ada65b2f1fe1,apparel.hair,available,98,16,7,,,
2079d87d-3bba-43cf-8269-973df72e3025,apparel.health,available,98,16,7,,,
834e096c-3090-490f-8799-4e87aefcbb58,apparel.healthcare,available,98,16,7,,,
0bb45cd7-a817-47e9-97db-a77c71e28c0d,apparel.help,available,98,16,7,,,
42b5f158-f1ab-45d5-8597-85efa45149e4,apparel.hiphop,available,98,16,7,,,
ff53ddb8-92b1-4f4b-8b75-e75ade448ddc,apparel.hiv,available,98,16,7,,,
1735a977-72fd-4465-8b35-bb3ec5a4914e,apparel.hockey,available,98,16,7,,,
122c527a-5e99-49a1-b6b6-71735f0bc170,apparel.holdings,available,98,16,7,,,
b77d7e22-e320-4e79-bd2a-bafc01b2fd56,apparel.holiday,available,98,16,7,,,
9e824545-2d2a-4170-990a-35d8ea2c9ee2,apparel.homes,available,98,16,7,,,
6181306d-f719-43e2-b3d4-29c09b8f3ea4,apparel.horse,premium,98,16,7,,,
3329db8c-f920-48fe-a414-c544a6cf5e17,apparel.hospital,available,98,16,7,,,
262055a8-8536-4616-a74f-c5f246b47e9f,apparel.host,premium,98,16,7,,,
4328575d-af9e-4f14-8314-c102241ad47e,apparel.hosting,available,98,16,7,,,
5f92c55a-2ec2-44db-bb44-da67c03d97af,apparel.hot,premium,98,16,7,,,
5f80bd25-bc19-4a5e-93e2-8d5ad863daa0,apparel.house,available,98,16,7,,,
930748f5-1a40-486c-a29a-3cf9290d0ce9,apparel.icu,expired,98,16,7,"HOSTINGER operations, UAB",17/07/2024 08:08,17/07/2025 23:59
718093f3-b307-4be5-a387-f835170a1ac1,apparel.im,premium,98,16,7,,,
c9ee72a7-2c79-43f1-9017-875e87c8b168,apparel.immo,available,98,16,7,,,
1e03b888-39e2-4c9b-a96e-4439bc2011c8,apparel.immobilien,available,98,16,7,,,
348b1766-e9c4-47c9-acbc-ece93dd9d17c,apparel.inc,premium,98,16,7,,,
4f8f1acc-b514-4e88-9d85-663270d0947d,apparel.industries,premium,98,16,7,,,
a3e9419f-cf21-4a50-89ba-11cfefe41539,apparel.ing,premium,98,16,7,,,
ea75ffa6-948f-44f0-956e-c87ecc4bd007,apparel.insure,available,98,16,7,,,
7088161e-8136-42f4-9762-a5a4675dc75b,apparel.investments,available,98,16,7,,,
a7f89270-be73-410e-899f-6ceb5729ab62,apparel.io,resell,98,16,7,"GoDaddy.com, LLC",25/01/2015 00:30,25/01/2026 00:30
26a2f296-928f-42aa-9fd7-8dba015740cc,apparel.jetzt,available,98,16,7,,,
9cc4c93f-5262-4213-99c0-55a73c306e59,apparel.jewelry,available,98,16,7,,,
a1d9dd5a-ae83-4942-8a25-1fd40d715ef2,apparel.juegos,available,98,16,7,,,
0fb37de4-3447-40df-acbb-cd94a1aa03d6,apparel.kaufen,available,98,16,7,,,
9d38c73e-3a2e-4a00-9026-691f1cc777a2,apparel.kids,premium,98,16,7,,,
4672f1fa-afa6-41d5-a19e-5ef715f2c081,apparel.kim,available,98,16,7,,,
f4de5828-aeff-4a61-95dd-abcdfcf8fc87,apparel.kitchen,available,98,16,7,,,
570c6885-5d72-41b7-bf0f-e2f8025ee7c5,apparel.la,resell,98,16,7,LA Domain Names,06/04/2020 11:59,06/04/2026 23:59
b5151923-bd6c-45d9-bd93-6814042aa6ec,apparel.land,available,98,16,7,,,
89e71a86-a84f-4822-b385-7b18bb2aa888,apparel.law,available,98,16,7,,,
55c58666-afe3-4bc5-9f09-d7b9b48e64a5,apparel.lawyer,available,98,16,7,,,
4268a6b9-5260-4454-8486-3ce2c8aa6b31,apparel.lease,available,98,16,7,,,
c99dc1d9-9a5f-4cd2-9461-c0f805570c00,apparel.legal,available,98,16,7,,,
3d45e997-d3ac-40b1-8fb5-8ddae3988932,apparel.life,resell,98,16,7,"DNSPod, Inc.",29/08/2024 15:15,29/08/2026 15:15
6320d925-b01b-44bd-9368-720dda4586dd,apparel.lighting,available,98,16,7,,,
12b742ff-62be-4639-b3e3-7d80388d9f3c,apparel.limited,premium,98,16,7,,,
e820ae11-6122-4673-a5fd-fa2991ec0564,apparel.limo,available,98,16,7,,,
d0b5ac09-cd9c-4858-9462-303ed5356c7b,apparel.live,resell,98,16,7,"Sav.com, LLC",11/04/2025 17:00,11/04/2026 17:00
6998ae18-e506-4bf8-8b5c-91c82e5a31cd,apparel.living,available,98,16,7,,,
91a29c9a-90f0-4a65-b1ac-c489f8d02a09,apparel.llc,premium,98,16,7,,,
c33376ba-3c87-4112-88a1-3f7c192630f0,apparel.loan,premium,98,16,7,,,
351a7b6a-9796-4d49-956b-e492ab4daef2,apparel.loans,available,98,16,7,,,
b85496c2-44b0-4802-bd88-7e32a034cb77,apparel.locker,premium,98,16,7,,,
e29a3214-a626-4cc7-8c7c-ae7e08b4e608,apparel.lol,resell,98,16,7,Namecheap,26/06/2021 21:35,26/06/2026 23:59
d1fce53e-368e-4f9f-8a59-a42b4ed7aa01,apparel.love,premium,98,16,7,,,
7cb73dad-d648-49e4-9b60-2e767a4a2aea,apparel.ltda,premium,98,16,7,,,
42a79c8f-5c5e-41cf-aad3-b67aa457fbac,apparel.luxury,available,98,16,7,,,
d3e2d981-979b-4ea2-91fa-298a0cbfe8ee,apparel.maison,available,98,16,7,,,
a54d49bd-e432-4610-bdcb-8b859e604825,apparel.makeup,available,98,16,7,,,
ad72f8cb-45b6-48cb-8d23-2423977afd4f,apparel.management,available,98,16,7,,,
1e5675f3-5b91-4180-a8d2-6dfbcf82494d,apparel.mba,available,98,16,7,,,
1a553d14-8d86-48f3-b7c3-d0a5fffdf887,apparel.me,resell,98,16,7,Dynadot Inc,17/07/2008 15:02,17/07/2026 15:02
8a023ee9-61eb-464b-a6a6-6a209a5b6ec1,apparel.media,resell,98,16,7,"Sav.com, LLC",09/07/2025 17:09,09/07/2026 17:09
9e4ef342-6620-4070-abc6-36fad9d7930e,apparel.melbourne,available,98,16,7,,,
cf4a580e-9ef2-44ab-b923-27511b903d6c,apparel.meme,premium,98,16,7,,,
1924aef6-c9c0-4f5b-929e-0403f360a5f1,apparel.memorial,available,98,16,7,,,
090fb0b0-78d8-4ab7-92d1-169714c1cc5a,apparel.men,premium,98,16,7,,,
b51fc985-8ae8-4907-83be-c426d0c32e6a,apparel.menu,available,98,16,7,,,
46b9ca8d-f03b-468e-bdf7-bf2b7519f537,apparel.miami,expiring,98,16,7,Go Australia Domains Inc,02/10/2015 16:00,02/10/2025 16:00
d0a1cbed-1653-4b88-b0ed-378a936e3122,apparel.mobi,available,98,16,7,,,
c3c5bc51-867c-4344-9d91-d7ba4c9fd461,apparel.moda,premium,98,16,7,,,
11012760-48f1-4f48-9a22-28df064a516d,apparel.moe,available,98,16,7,,,
125776fe-46fc-4d26-9974-456d93a39f49,apparel.mom,available,98,16,7,,,
41cd1621-df17-4b52-ae42-562e3b07e462,apparel.money,available,98,16,7,,,
6f6a06b5-b92f-4b61-b3b6-ba5f631f05f7,apparel.monster,available,98,16,7,,,
401cb2ec-fbae-4eb5-ba36-565f191547ef,apparel.mortgage,available,98,16,7,,,
0bd241a4-e530-44a9-be06-54caec3f5a2c,apparel.motorcycles,available,98,16,7,,,
3b389bc2-4483-4224-91a5-567cb5f569e0,apparel.mov,premium,98,16,7,,,
8cd5807b-81cc-4bb2-a20e-4911f84940bf,apparel.movie,available,98,16,7,,,
49fc104d-7446-4859-9f86-f475225d563e,apparel.music,premium,98,16,7,,,
57d69d2a-d009-4576-a264-fc6799123dbe,apparel.mx,available,98,16,7,,,
6cb1c8ce-6211-48b7-b2ed-8e7caf38d103,apparel.my,premium,98,16,7,,,
3824ecb1-d5bf-40b4-b1e2-b6f7aab26f3a,apparel.name,available,98,16,7,,,
6b7d8c6c-801a-4c6c-9f78-fdee35a0eb72,apparel.navy,available,98,16,7,,,
65e4c315-f704-4f85-8769-449525db9c20,apparel.net,resell,98,16,7,Tirupati Domains and Hosting Pvt Ltd.,04/05/1995 04:00,05/05/2026 04:00
ea221cc6-ccb2-402f-9630-692ef102f1db,apparel.network,expiring,98,16,7,"GoDaddy.com, LLC",07/09/2021 03:55,07/09/2025 03:55
7876b482-4e23-4134-ad38-890f005f826a,apparel.nexus,premium,98,16,7,,,
e26de918-96cf-4346-a5e2-8b28824f008a,apparel.ngo,available,98,16,7,,,
af991f65-b225-46c5-ac7b-1ec7dfc34d33,apparel.ninja,available,98,16,7,,,
ed5e18a3-1096-4460-a1c2-c3089c2272e0,apparel.nyc,resell,98,16,7,Hello Internet Corp.,17/02/2015 21:40,16/02/2026 23:59
073aa6d0-292a-4f67-9f0e-bf6b93ba4662,apparel.observer,premium,98,16,7,,,
643be47e-a134-4f43-8662-25a67ddfb413,apparel.one,premium,98,16,7,,,
abb79159-58cd-4892-8421-b6176180fdbf,apparel.ong,available,98,16,7,,,
3287bf6b-3855-4962-b83a-42573f0c3fee,apparel.onl,premium,98,16,7,,,
055f129d-89bb-454a-8502-00846864bcd5,apparel.online,premium,98,16,7,,,
798b566e-d3d3-403f-a321-7a516344ac52,apparel.ooo,available,98,16,7,,,
e73263c3-aa33-4e3f-8f97-d2128e5f1a42,apparel.organic,available,98,16,7,,,
05eb864a-d547-4f9a-acc2-7b9c79a07df3,apparel.osaka,available,98,16,7,,,
86f29b63-55b7-4bc7-a987-e6fd42a36ae5,apparel.page,premium,98,16,7,,,
7e733f71-1ba4-4de4-bf89-4375811fcab6,apparel.partners,expired,98,16,7,Domain Science Kutatási Szolgáltató Korlátolt Felelősségű Társaság,19/07/2024 17:00,19/07/2025 17:00
a113469e-0696-48b7-8c09-5eaf2c7f8916,apparel.parts,available,98,16,7,,,
345529ff-283c-4894-bac7-06584cf5fdbf,apparel.party,premium,98,16,7,,,
6536507b-72d4-450d-9529-5367c4fd5431,apparel.pet,premium,98,16,7,,,
be79b049-2c39-4764-a3e2-44d42c29dcd4,apparel.phd,premium,98,16,7,,,
7a7e7ebf-3c4c-45e9-9220-83bd3879854f,clothing.app,premium,68,76,8,,,
43555b3e-493f-48bc-8697-84fa4ec2a2b8,clothing.at,resell,68,76,8,EuroDNS SA ( https://nic.at/registrar/421 ),,
3d902642-1ba9-4901-82c4-6a12611452d9,clothing.dev,premium,68,76,8,,,
7835145a-2af1-4ccf-bde3-9df80e6eaced,clothing.expert,premium,68,76,8,,,
4062196f-8532-4a93-81bc-577f3f6db31f,clothing.io,resell,68,76,8,Dynadot Inc,06/06/2013 00:15,06/06/2026 00:15
feb0cc68-0be4-4002-99d8-2ed82d3a8b35,clothing.it,expiring,68,76,8,,30/01/1997 00:00,03/08/2025 00:00
92d605f0-0543-4d75-b107-7087923bc5e4,clothing.me,expiring,68,76,8,"GoDaddy.com, LLC",09/07/2008 17:02,09/07/2025 17:02
324e183a-3a2c-4380-bebb-8c3b35ff8116,clothing.online,premium,68,76,8,,,
7b4a470f-46e7-4f08-8740-3dd68b74a448,clothing.site,premium,68,76,8,,,
89bcce7d-3377-4e4d-9aab-7b4896147662,clothing.so,available,68,76,8,,,
ffa51dbd-8fdf-4cc4-bb5a-26530a644fef,clothing.space,premium,68,76,8,,,
bc1eb3ca-60de-4982-bc8a-763e9e29c167,clothing.store,premium,68,76,8,,,
9ef9079c-9c7b-49e0-b085-80457ab79e2c,clothing.tech,premium,68,76,8,,,
68c4b3a6-10b6-4875-bebe-fcc138b02c07,clothing.us,resell,68,76,8,"GoDaddy.com, LLC",24/04/2002 14:01,23/04/2026 23:59
d7ac83b7-de6e-4fd2-9ab9-9220bd0cf8f3,clothing.zone,premium,68,76,8,,,
c80e42c7-32b2-4037-a999-cc9aebebef6f,footwear.app,premium,70,88,8,,,
666f6312-e1b6-4e75-8558-ff967a97ea0a,footwear.at,sold,70,88,8,DomainQuadrat Marketing GmbH ( https://nic.at/registrar/581 ),,
9585ffc1-152e-4935-af4e-d18f974c229b,footwear.cloud,available,70,88,8,,,
83d7616d-bf8d-41a8-a511-e2b40844dd15,footwear.dev,premium,70,88,8,,,
109c8a7d-5588-4fc0-b987-bf447bae69dc,footwear.gg,available,70,88,8,,,
3b3127e4-843d-40cb-b97f-6e2c01ba7fe3,footwear.ninja,available,70,88,8,,,
edb44c55-9fcb-4e5a-88ad-c7675d960764,footwear.online,premium,70,88,8,,,
8c320705-6c23-451a-aae7-18967fa3bcfa,footwear.site,premium,70,88,8,,,
bb01cf9c-6861-4d89-ae93-d790e9ec08e8,footwear.so,available,70,88,8,,,
299f9935-14c6-4eb5-9e1a-a93d6f63c57c,footwear.space,premium,70,88,8,,,
ce0198c0-cd77-4e29-8232-12f36f3de152,footwear.store,premium,70,88,8,,,
58f5c6d5-2518-44c0-9323-745837fedf0a,footwear.tech,premium,70,88,8,,,
45f4228d-5369-4c6f-ba82-5685ea55c370,footwear.zone,available,70,88,8,,,
6a1d4293-99ef-40fa-aa6b-fd9be132f070,jewelry.at,available,97,76,7,,,
9c4d6bcd-fced-4783-979c-ca2aab80f4d0,jewelry.co,resell,97,76,7,"GoDaddy.com, LLC",24/02/2010 22:57,23/02/2026 23:59
9276e863-be5e-44d9-b4e5-b1218c7104d3,jewelry.expert,premium,97,76,7,,,
f202cc06-b055-4c51-943c-2928493116cf,jewelry.gg,premium,97,76,7,,,
b910e335-28b9-4268-88fd-b4b38b6b50f5,jewelry.it,expired,97,76,7,,04/07/2022 16:00,04/07/2025 00:00
3e4b7f3b-5476-4b3d-93fa-53f86bb6daab,jewelry.me,resell,97,76,7,"GoDaddy.com, LLC",29/04/2008 18:00,29/04/2026 18:00
16eec619-38da-4a00-976a-9578864c4c6c,jewelry.online,premium,97,76,7,,,
74da7919-3a89-4d1a-a1fa-355511667b0c,jewelry.site,premium,97,76,7,,,
518acc6a-3069-410b-8451-eac3ca7a7686,jewelry.so,available,97,76,7,,,
a6c618a1-53e9-4d81-9293-585be6109d7f,jewelry.space,premium,97,76,7,,,
14e1e6f3-b5e9-4015-b39b-56ea6188ffd0,jewelry.store,premium,97,76,7,,,
8b43dcc7-e95f-4d23-8385-3d9077418c49,jewelry.tech,premium,97,76,7,,,
cccc970b-4008-4394-a6cd-32cb3cd2aa10,jewelry.zone,premium,97,76,7,,,
b3583cb8-ab84-46ee-905a-f0cc8e07a8ed,outerwear.app,premium,54,80,9,,,
711f75c5-8bae-4787-bc62-c81d8ab0792e,outerwear.cloud,available,54,80,9,,,
f04984bd-fba4-4db7-b7d3-cedcd4a15fa7,outerwear.co,resell,54,80,9,"GoDaddy.com, LLC",10/08/2023 10:44,10/08/2025 10:44
12d42f60-b76a-4ee8-ac60-27ff59296f50,outerwear.com,resell,54,80,9,PDR Ltd. d/b/a PublicDomainRegistry.com,04/09/2001 18:05,04/09/2025 18:05
5dbbec86-a961-4412-951e-1ff0bdacb6bf,outerwear.dev,available,54,80,9,,,
4b6836d4-c31b-4677-8699-1e39f0aee798,outerwear.expert,available,54,80,9,,,
496a40da-49c3-4671-888d-226208ba8523,outerwear.gg,available,54,80,9,,,
b29c17fc-d337-4b3a-9959-60c317bf555a,outerwear.io,resell,54,80,9,"eNom, LLC",08/05/2017 00:59,08/05/2026 00:59
a78a24f5-f5bf-4b63-850f-30a9091c4243,outerwear.it,resell,54,80,9,,13/10/2009 12:56,20/10/2025 00:00
448a3acf-b3e5-49a9-b870-e9de62957d02,outerwear.ninja,available,54,80,9,,,
d1b85169-e0d1-4bb4-85b3-4e47be01d842,outerwear.online,premium,54,80,9,,,
da7f1d7b-caa6-4319-9f96-d4783c3e6658,outerwear.pro,resell,54,80,9,Epik LLC,13/10/2019 10:10,13/10/2025 10:10
9a129c1c-abe3-4f64-b36c-9d8d8542bad3,outerwear.site,premium,54,80,9,,,
51daa61e-500a-44a8-8854-10bb2d2a1fb8,outerwear.so,available,54,80,9,,,
775a1829-8518-4812-8546-67d914da7590,outerwear.space,premium,54,80,9,,,
d400a9fd-4547-4c74-ab54-dabcc24e7bf6,outerwear.store,premium,54,80,9,,,
6ed57204-fa81-46eb-9026-e93ada2c0a81,outerwear.tech,premium,54,80,9,,,
f2fa3a2b-d15f-4bef-96b5-108d283e33eb,outerwear.zone,available,54,80,9,,,
ba096287-04b0-4d05-a742-6781f72269db,vitamins.app,premium,,60,8,,,
cac101b6-7434-4395-8df4-a176710f59a8,vitamins.co,resell,,60,8,"GoDaddy.com, LLC",29/09/2010 17:30,28/09/2025 23:59
52aae06a-6dee-4304-819f-5bf0ad243c87,vitamins.dev,premium,,60,8,,,
a54d2266-2525-4cde-a436-e431526f1a3a,vitamins.ninja,available,,60,8,,,
8acb2b49-1ed8-4895-9a0a-0e39d2724989,vitamins.online,premium,,60,8,,,
b9486d8f-7105-4596-b467-013539b96116,vitamins.site,premium,,60,8,,,
0165f7ec-4c08-49c1-b9a2-2c2a4594b24d,vitamins.space,premium,,60,8,,,
1ea7e7a8-b6d1-4f21-a8ba-a23e38a111c3,vitamins.store,premium,,60,8,,,
3839a8ab-c54f-4f6b-ba77-860b7030b9de,vitamins.tech,premium,,60,8,,,
44d4e83a-d5ed-4e1a-a6cf-ffa770c865ff,vitamins.zone,available,,60,8,,,
f015b307-c5ed-42f0-8a47-f3fd40cee868,snacks.app,expiring,,48,6,Tucows Domains Inc,24/07/2019 05:27,24/07/2025 05:27
aaca82e1-327b-4943-9166-3686d6e78c96,snacks.cloud,premium,,48,6,,,
1691608f-e9c2-433b-a9f1-7b11c71792a1,snacks.co,expiring,,48,6,Hello Internet Corp.,20/07/2010 18:01,19/07/2025 23:59
614b79fd-af6b-403a-9f19-4774d407a795,snacks.expert,available,,48,6,,,
19cbc67a-0cd7-422f-b316-81252ccad7ec,snacks.it,expiring,,48,6,,06/08/2013 16:00,31/07/2025 00:00
fa0e3dc1-bb63-461f-a645-8cb3cf1122e3,snacks.me,resell,,48,6,"Name105, Inc.",04/10/2013 02:35,04/10/2025 02:35
6c9eb22b-8036-4804-9617-4896da30b0de,snacks.ninja,available,,48,6,,,
8a2b911e-736a-4ebd-849b-5597870fb857,snacks.online,premium,,48,6,,,
1fd8654e-ed8c-4161-be1d-72e217eebd21,snacks.pro,resell,,48,6,Epik LLC,27/11/2022 17:00,27/11/2025 17:00
ef205f4a-9fe8-45a2-af9a-967b0fb6d493,snacks.site,premium,,48,6,,,
cfc7df0f-72d8-4eac-85b7-27485af97f05,snacks.so,available,,48,6,,,
0ca164d6-8158-4fa5-bad3-ba0896e0fd32,snacks.space,premium,,48,6,,,
48820257-13de-41f8-af49-9ea0d7b0a1a8,snacks.tech,premium,,48,6,,,
a1da72a8-8bad-444a-bafc-7379844bbcd4,beverages.cloud,premium,54,32,9,,,
3990abb7-378c-47c0-980d-66b6c5adc0c3,beverages.co,expiring,54,32,9,"Register.com, Inc.",21/07/2010 21:23,20/07/2025 23:59
381559fd-90b8-451f-83e6-73c3078d1ae1,beverages.dev,available,54,32,9,,,
af918fec-3960-42d8-b7a9-20da4b47994e,beverages.expert,available,54,32,9,,,
08c6fa39-74db-4373-846d-a2744bea22e4,beverages.gg,available,54,32,9,,,
55e95b50-1a1a-4b37-bff3-2e5594de651e,beverages.me,expiring,54,32,9,"Spaceship, Inc.",13/07/2024 17:08,13/07/2025 17:08
fbad2abc-2802-4d94-9ce1-2f66ad2997af,beverages.net,resell,54,32,9,"GoDaddy.com, LLC",04/03/1997 05:00,05/03/2026 05:00
45abf4f3-4fe3-4e5b-9fe0-2e6cbbf64191,beverages.ninja,available,54,32,9,,,
114720f8-9132-4008-b49b-54350d8f7302,beverages.online,premium,54,32,9,,,
bd4058e1-13e1-484f-912c-c90ccb083540,beverages.site,premium,54,32,9,,,
7d1b2ddc-a13c-4963-9f9f-d4ae539cd401,beverages.so,available,54,32,9,,,
f0869898-26af-498c-86ea-17c2cecaa494,beverages.space,premium,54,32,9,,,
cbf16e17-4fbb-40ca-9cca-4416524cf9cb,beverages.store,premium,54,32,9,,,
1ab0509e-5c74-4126-89d0-565963db6482,beverages.tech,premium,54,32,9,,,
0de04f03-c4eb-47f8-9f7a-b329dea05ef7,beverages.us,expired,54,32,9,"Sav.com, LLC - 6",03/07/2023 00:00,03/07/2025 00:00
a29060c1-e9a6-457e-b7c2-713ac4c1b861,beverages.xyz,resell,54,32,9,"Go Daddy, LLC",02/06/2014 18:13,02/06/2026 23:59
74eb7401-b88c-48e3-930e-c1fd521521ad,beverages.zone,available,54,32,9,,,
f72abddd-9f0c-42ff-bc3e-dccdacfc4c91,dairyproducts.ai,available,52,16,14,,,
c94c150d-7e1f-4b2c-b763-39cf7c378c66,dairyproducts.app,available,52,16,14,,,